,InChI,smiles,rt_seconds,rt_minutes
89,"InChI=1S/C12H22O11/c13-1-3-5(15)6(16)9(19)12(22-3)23-10-4(2-14)21-11(20)8(18)7(10)17/h3-20H,1-2H2/t3-,4-,5+,6+,7-,8-,9-,10-,11-,12+/m1/s1",C([C@@H]1[C@@H]([C@@H]([C@H]([C@@H](O1)O[C@@H]2[C@H](O[C@H]([C@@H]([C@H]2O)O)O)CO)O)O)O)O,35.97499998,0.599583333
109,"InChI=1S/C14H17NO6/c16-6-10-11(17)12(18)13(19)14(21-10)20-9-5-15-8-4-2-1-3-7(8)9/h1-5,10-19H,6H2",C1=CC=C2C(=C1)C(=CN2)OC3C(C(C(C(O3)CO)O)O)O,101.805,1.6967500000000002
110,"InChI=1S/C14H15NO7/c16-9-10(17)12(13(19)20)22-14(11(9)18)21-8-5-15-7-4-2-1-3-6(7)8/h1-5,9-12,14-18H,(H,19,20)/t9-,10-,11+,12-,14+/m0/s1",C1=CC=C2C(=C1)C(=CN2)O[C@H]3[C@@H]([C@H]([C@@H]([C@H](O3)C(=O)O)O)O)O,102.21400002,1.703566667
130,"InChI=1S/C12H22O11/c13-1-4-6(16)8(18)9(19)11(21-4)23-12(3-15)10(20)7(17)5(2-14)22-12/h4-11,13-20H,1-3H2",C(C1C(C(C(C(O1)OC2(C(C(C(O2)CO)O)O)CO)O)O)O)O,39.67999998,0.661333333
