,InChI,smiles,rt_seconds,rt_minutes
11,"InChI=1S/C22H24NO4/c1-13-15-6-7-18(24-2)22(27-5)17(15)12-23-9-8-14-10-19(25-3)20(26-4)11-16(14)21(13)23/h6-7,10-12H,8-9H2,1-5H3/q+1",CC1=C2C=CC(=C(C2=C[N+]3=C1C4=CC(=C(C=C4CC3)OC)OC)OC)OC,1066.60002,17.776667
14,"InChI=1S/C30H18O10/c31-15-4-1-13(2-5-15)24-12-23(38)29-21(36)10-20(35)27(30(29)40-24)17-7-14(3-6-18(17)33)25-11-22(37)28-19(34)8-16(32)9-26(28)39-25/h1-12,31-36H",C1=CC(=CC=C1C2=CC(=O)C3=C(O2)C(=C(C=C3O)O)C4=C(C=CC(=C4)C5=CC(=O)C6=C(C=C(C=C6O5)O)O)O)O,967.09998,16.118333
22,"InChI=1S/C21H22O9/c22-9-17-18(25)19(26)20(27)21(30-17)28-12-4-1-10(2-5-12)15-8-14(24)13-6-3-11(23)7-16(13)29-15/h1-7,15,17-23,25-27H,8-9H2/t15-,17+,18+,19-,20+,21+/m0/s1",C1[C@H](OC2=C(C1=O)C=CC(=C2)O)C3=CC=C(C=C3)O[C@H]4[C@@H]([C@H]([C@@H]([C@H](O4)CO)O)O)O,650.847,10.84745
38,"InChI=1S/C20H18O11/c21-8-4-11(24)14-13(5-8)30-18(7-1-2-9(22)10(23)3-7)19(16(14)27)31-20-17(28)15(26)12(25)6-29-20/h1-5,12,15,17,20-26,28H,6H2/t12-,15+,17-,20?/m1/s1",C1[C@H]([C@@H]([C@H](C(O1)OC2=C(OC3=CC(=CC(=C3C2=O)O)O)C4=CC(=C(C=C4)O)O)O)O)O,686.1,11.435
39,"InChI=1S/C27H30O14/c1-10-20(32)22(34)24(36)26(37-10)41-25-23(35)21(33)18(9-28)40-27(25)38-13-6-14(30)19-15(31)8-16(39-17(19)7-13)11-2-4-12(29)5-3-11/h2-8,10,18,20-30,32-36H,9H2,1H3/t10-,18+,20-,21+,22+,23-,24+,25+,26-,27+/m0/s1",C[C@H]1[C@@H]([C@H]([C@H]([C@@H](O1)O[C@@H]2[C@H]([C@@H]([C@H](O[C@H]2OC3=CC(=C4C(=C3)OC(=CC4=O)C5=CC=C(C=C5)O)O)CO)O)O)O)O)O,706.60002,11.776667
45,"InChI=1S/C30H20O11/c31-14-4-1-12(2-5-14)29-27(28(39)25-18(35)8-15(32)9-23(25)41-29)26-20(37)10-19(36)24-21(38)11-22(40-30(24)26)13-3-6-16(33)17(34)7-13/h1-11,27,29,31-37H/t27-,29+/m0/s1",C1=CC(=CC=C1[C@@H]2[C@H](C(=O)C3=C(C=C(C=C3O2)O)O)C4=C(C=C(C5=C4OC(=CC5=O)C6=CC(=C(C=C6)O)O)O)O)O,935.59998,15.593333
56,"InChI=1S/C15H12O4/c16-11-6-4-9(5-7-11)13-8-10-2-1-3-12(17)14(10)15(18)19-13/h1-7,13,16-17H,8H2",C1C(OC(=O)C2=C1C=CC=C2O)C3=CC=C(C=C3)O,1159.347,19.32245
77,"InChI=1S/C23H18O10/c1-11(24)29-16-7-5-15(6-8-16)18-9-17(28)21-19(33-18)10-20(30-12(2)25)22(31-13(3)26)23(21)32-14(4)27/h5-10H,1-4H3",CC(=O)OC1=CC=C(C=C1)C2=CC(=O)C3=C(C(=C(C=C3O2)OC(=O)C)OC(=O)C)OC(=O)C,1289.59998,21.493333
