,InChI,smiles,rt_seconds,rt_minutes
0,"InChI=1S/C30H50O5/c1-17(15-21(32)25(34)27(4,5)35)18-9-13-29(7)19(18)16-20(31)24-28(6)12-11-23(33)26(2,3)22(28)10-14-30(24,29)8/h17,20-22,24-25,31-32,34-35H,9-16H2,1-8H3/t17?,20?,21-,22-,24-,25?,28-,29-,30-/m0/s1",CC(C[C@@H](C(C(C)(C)O)O)O)C1=C2CC([C@H]3[C@]4(CCC(=O)C([C@@H]4CC[C@@]3([C@]2(CC1)C)C)(C)C)C)O,1551.5989998,25.85998333
19,"InChI=1S/C28H32O15/c1-39-14-7-15-18(22(34)19(14)27-25(37)23(35)20(32)16(8-29)42-27)12(31)6-13(41-15)10-2-4-11(5-3-10)40-28-26(38)24(36)21(33)17(9-30)43-28/h2-7,16-17,20-21,23-30,32-38H,8-9H2,1H3/t16-,17-,20-,21-,23+,24+,25-,26-,27+,28-/m1/s1",COC1=C(C(=C2C(=C1)OC(=CC2=O)C3=CC=C(C=C3)O[C@H]4[C@@H]([C@H]([C@@H]([C@H](O4)CO)O)O)O)O)[C@H]5[C@@H]([C@H]([C@@H]([C@H](O5)CO)O)O)O,291.6,4.86
26,"InChI=1S/C19H18O11/c20-4-11-15(25)17(27)18(28)19(30-11)12-8(23)3-10-13(16(12)26)14(24)5-1-6(21)7(22)2-9(5)29-10/h1-3,11,15,17-23,25-28H,4H2/t11-,15-,17+,18-,19+/m1/s1",C1=C2C(=CC(=C1O)O)OC3=C(C2=O)C(=C(C(=C3)O)[C@H]4[C@@H]([C@H]([C@@H]([C@H](O4)CO)O)O)O)O,423.34698,7.055783
28,"InChI=1S/C15H10O8/c16-6-3-7(17)11-10(4-6)23-15(14(22)13(11)21)5-1-8(18)12(20)9(19)2-5/h1-4,16-20,22H",C1=C(C=C(C(=C1O)O)O)C2=C(C(=O)C3=C(C=C(C=C3O2)O)O)O,770.1,12.835
48,"InChI=1S/C48H76O19/c1-43(2)14-16-48(42(61)67-40-35(58)31(54)29(52)24(20-50)63-40)17-15-46(6)21(22(48)18-43)8-9-26-45(5)12-11-27(44(3,4)25(45)10-13-47(26,46)7)64-41-37(33(56)32(55)36(65-41)38(59)60)66-39-34(57)30(53)28(51)23(19-49)62-39/h8,22-37,39-41,49-58H,9-20H2,1-7H3,(H,59,60)/t22-,23+,24+,25-,26+,27-,28+,29+,30-,31-,32-,33-,34+,35+,36-,37+,39-,40-,41+,45-,46+,47+,48-/m0/s1",C[C@]12CC[C@@H](C([C@@H]1CC[C@@]3([C@@H]2CC=C4[C@]3(CC[C@@]5([C@H]4CC(CC5)(C)C)C(=O)O[C@H]6[C@@H]([C@H]([C@@H]([C@H](O6)CO)O)O)O)C)C)(C)C)O[C@H]7[C@@H]([C@H]([C@@H]([C@H](O7)C(=O)O)O)O)O[C@H]8[C@@H]([C@H]([C@@H]([C@H](O8)CO)O)O)O,868.84698,14.480783
62,"InChI=1S/C15H10O6/c16-8-3-1-7(2-4-8)15-14(20)13(19)12-10(18)5-9(17)6-11(12)21-15/h1-6,16-18,20H",C1=CC(=CC=C1C2=C(C(=O)C3=C(C=C(C=C3O2)O)O)O)O,999.34698,16.655783
74,"InChI=1S/C18H16O6/c1-21-11-6-4-10(5-7-11)13-8-12(19)16-14(24-13)9-15(22-2)18(23-3)17(16)20/h4-9,20H,1-3H3",COC1=CC=C(C=C1)C2=CC(=O)C3=C(C(=C(C=C3O2)OC)OC)O,1403.59998,23.393333
76,"InChI=1S/C22H22O11/c1-31-14-4-8(2-3-9(14)24)13-6-12(27)16-10(25)5-11(26)17(21(16)32-13)22-20(30)19(29)18(28)15(7-23)33-22/h2-6,15,18-20,22-26,28-30H,7H2,1H3/t15-,18-,19+,20-,22+/m1/s1",COC1=C(C=CC(=C1)C2=CC(=O)C3=C(O2)C(=C(C=C3O)O)[C@H]4[C@@H]([C@H]([C@@H]([C@H](O4)CO)O)O)O)O,652.60002,10.876667
