,InChI,smiles,rt_seconds,rt_minutes
8,"InChI=1S/C31H43NO10/c1-32-13-28(14-38-2)17(33)11-18(39-3)30-16-12-29(36)25(42-27(35)15-9-7-6-8-10-15)19(16)31(37,24(34)26(29)41-5)20(23(30)32)21(40-4)22(28)30/h6-10,16-26,33-34,36-37H,11-14H2,1-5H3/t16-,17-,18+,19-,20+,21+,22-,23?,24+,25-,26+,28+,29-,30+,31-/m1/s1",CN1C[C@@]2([C@@H](C[C@@H]([C@@]34[C@@H]2[C@H]([C@@H](C31)[C@@]5([C@@H]6[C@H]4C[C@@]([C@@H]6OC(=O)C7=CC=CC=C7)([C@H]([C@@H]5O)OC)O)O)OC)OC)O)COC,867.1000200000001,14.451667000000002
13,"InChI=1S/C14H16O9/c1-21-11-5(16)2-4-7(9(11)18)12-13(23-14(4)20)10(19)8(17)6(3-15)22-12/h2,6,8,10,12-13,15-19H,3H2,1H3/t6-,8-,10+,12+,13-/m1/s1",COC1=C(C=C2C(=C1O)[C@H]3[C@@H]([C@H]([C@@H]([C@H](O3)CO)O)O)OC2=O)O,415.84698,6.930783
17,"InChI=1S/C16H12O6/c1-21-14-4-8(2-3-10(14)18)13-7-12(20)16-11(19)5-9(17)6-15(16)22-13/h2-7,17-19H,1H3",COC1=C(C=CC(=C1)C2=CC(=O)C3=C(C=C(C=C3O2)O)O)O,1002.10002,16.701667
20,"InChI=1S/C15H10O5/c16-9-3-1-8(2-4-9)11-7-20-13-6-10(17)5-12(18)14(13)15(11)19/h1-7,16-18H",C1=CC(=CC=C1C2=COC3=CC(=CC(=C3C2=O)O)O)O,980.59998,16.343332999999998
29,"InChI=1S/C21H20O12/c1-6-14(26)17(29)18(30)21(31-6)33-20-16(28)13-9(23)4-8(22)5-12(13)32-19(20)7-2-10(24)15(27)11(25)3-7/h2-6,14,17-18,21-27,29-30H,1H3",CC1C(C(C(C(O1)OC2=C(OC3=CC(=CC(=C3C2=O)O)O)C4=CC(=C(C(=C4)O)O)O)O)O)O,634.347,10.57245
33,"InChI=1S/C15H14O5/c16-10-4-1-9(2-5-10)3-6-12(18)15-13(19)7-11(17)8-14(15)20/h1-2,4-5,7-8,16-17,19-20H,3,6H2",C1=CC(=CC=C1CCC(=O)C2=C(C=C(C=C2O)O)O)O,974.1,16.235
36,"InChI=1S/C15H10O7/c16-7-4-10(19)12-11(5-7)22-15(14(21)13(12)20)6-1-2-8(17)9(18)3-6/h1-5,16-19,21H",C1=CC(=C(C=C1C2=C(C(=O)C3=C(C=C(C=C3O2)O)O)O)O)O,877.09998,14.618333
59,"InChI=1S/C21H22O10/c1-8-15(25)17(27)18(28)21(29-8)31-20-16(26)14-12(24)6-11(23)7-13(14)30-19(20)9-2-4-10(22)5-3-9/h2-8,15,17-25,27-28H,1H3/t8-,15-,17+,18+,19+,20+,21-/m0/s1",C[C@H]1[C@@H]([C@H]([C@H]([C@@H](O1)O[C@H]2[C@H](OC3=CC(=CC(=C3C2=O)O)O)C4=CC=C(C=C4)O)O)O)O,748.347,12.47245
