,InChI,smiles,rt_seconds,rt_minutes
8,"InChI=1S/C31H43NO10/c1-32-13-28(14-38-2)17(33)11-18(39-3)30-16-12-29(36)25(42-27(35)15-9-7-6-8-10-15)19(16)31(37,24(34)26(29)41-5)20(23(30)32)21(40-4)22(28)30/h6-10,16-26,33-34,36-37H,11-14H2,1-5H3/t16-,17-,18+,19-,20+,21+,22-,23?,24+,25-,26+,28+,29-,30+,31-/m1/s1",CN1C[C@@]2([C@@H](C[C@@H]([C@@]34[C@@H]2[C@H]([C@@H](C31)[C@@]5([C@@H]6[C@H]4C[C@@]([C@@H]6OC(=O)C7=CC=CC=C7)([C@H]([C@@H]5O)OC)O)O)OC)OC)O)COC,867.1000200000001,14.451667000000002
14,"InChI=1S/C30H18O10/c31-15-4-1-13(2-5-15)24-12-23(38)29-21(36)10-20(35)27(30(29)40-24)17-7-14(3-6-18(17)33)25-11-22(37)28-19(34)8-16(32)9-26(28)39-25/h1-12,31-36H",C1=CC(=CC=C1C2=CC(=O)C3=C(O2)C(=C(C=C3O)O)C4=C(C=CC(=C4)C5=CC(=O)C6=C(C=C(C=C6O5)O)O)O)O,967.09998,16.118333
42,"InChI=1S/C22H22O7/c1-24-17-6-12(7-18(25-2)21(17)26-3)19-14-8-16-15(28-10-29-16)5-11(14)4-13-9-27-22(23)20(13)19/h5-8,13,19-20H,4,9-10H2,1-3H3/t13-,19+,20-/m0/s1",COC1=CC(=CC(=C1OC)OC)[C@H]2[C@@H]3[C@@H](CC4=CC5=C(C=C24)OCO5)COC3=O,1269.6,21.16
45,"InChI=1S/C30H20O11/c31-14-4-1-12(2-5-14)29-27(28(39)25-18(35)8-15(32)9-23(25)41-29)26-20(37)10-19(36)24-21(38)11-22(40-30(24)26)13-3-6-16(33)17(34)7-13/h1-11,27,29,31-37H/t27-,29+/m0/s1",C1=CC(=CC=C1[C@@H]2[C@H](C(=O)C3=C(C=C(C=C3O2)O)O)C4=C(C=C(C5=C4OC(=CC5=O)C6=CC(=C(C=C6)O)O)O)O)O,935.59998,15.593333
