,InChI,smiles,rt_seconds,rt_minutes
53,"InChI=1S/C20H24O9/c1-20(2,29-19-18(25)17(24)16(23)13(8-21)28-19)14-6-10-5-9-3-4-15(22)27-11(9)7-12(10)26-14/h3-5,7,13-14,16-19,21,23-25H,6,8H2,1-2H3/t13-,14-,16-,17+,18-,19+/m1/s1",CC(C)([C@H]1CC2=C(O1)C=C3C(=C2)C=CC(=O)O3)O[C@H]4[C@@H]([C@H]([C@@H]([C@H](O4)CO)O)O)O,715.84698,11.930783
70,"InChI=1S/C19H16O4/c20-16-7-1-14(2-8-16)5-11-18(22)13-19(23)12-6-15-3-9-17(21)10-4-15/h1-12,20-21H,13H2/b11-5+,12-6+",C1=CC(=CC=C1/C=C/C(=O)CC(=O)/C=C/C2=CC=C(C=C2)O)O,1259.322,20.988699999999998
71,"InChI=1S/C21H20O6/c1-26-20-11-14(5-9-18(20)24)3-7-16(22)13-17(23)8-4-15-6-10-19(25)21(12-15)27-2/h3-12,24-25H,13H2,1-2H3/b7-3+,8-4+",COC1=C(C=CC(=C1)/C=C/C(=O)CC(=O)/C=C/C2=CC(=C(C=C2)O)OC)O,1324.62198,22.077032999999997
