,InChI,smiles,rt_seconds,rt_minutes
0,"InChI=1S/C30H50O5/c1-17(15-21(32)25(34)27(4,5)35)18-9-13-29(7)19(18)16-20(31)24-28(6)12-11-23(33)26(2,3)22(28)10-14-30(24,29)8/h17,20-22,24-25,31-32,34-35H,9-16H2,1-8H3/t17?,20?,21-,22-,24-,25?,28-,29-,30-/m0/s1",CC(C[C@@H](C(C(C)(C)O)O)O)C1=C2CC([C@H]3[C@]4(CCC(=O)C([C@@H]4CC[C@@]3([C@]2(CC1)C)C)(C)C)C)O,1551.5989998,25.85998333
1,"InChI=1S/C30H48O4/c1-17(15-21(32)25-27(4,5)34-25)18-9-13-29(7)19(18)16-20(31)24-28(6)12-11-23(33)26(2,3)22(28)10-14-30(24,29)8/h17,20-22,24-25,31-32H,9-16H2,1-8H3/t17-,20+,21?,22?,24+,25?,28+,29+,30+/m1/s1",C[C@H](CC(C1C(O1)(C)C)O)C2=C3C[C@@H]([C@H]4[C@]5(CCC(=O)C(C5CC[C@@]4([C@]3(CC2)C)C)(C)C)C)O,1797.999,29.96665
2,"InChI=1S/C32H50O5/c1-18(16-23(36-19(2)33)27-29(5,6)37-27)20-10-14-31(8)21(20)17-22(34)26-30(7)13-12-25(35)28(3,4)24(30)11-15-32(26,31)9/h18,22-24,26-27,34H,10-17H2,1-9H3/t18?,22-,23?,24?,26?,27?,30-,31-,32-/m0/s1",CC(CC(C1C(O1)(C)C)OC(=O)C)C2=C3C[C@@H](C4[C@]5(CCC(=O)C(C5CC[C@@]4([C@]3(CC2)C)C)(C)C)C)O,1920.7990002,32.01331667
52,"InChI=1S/C42H38O20/c43-11-23-31(47)35(51)37(53)41(61-23)59-21-5-1-3-15-25(17-7-13(39(55)56)9-19(45)27(17)33(49)29(15)21)26-16-4-2-6-22(60-42-38(54)36(52)32(48)24(12-44)62-42)30(16)34(50)28-18(26)8-14(40(57)58)10-20(28)46/h1-10,23-26,31-32,35-38,41-48,51-54H,11-12H2,(H,55,56)(H,57,58)/t23-,24-,25-,26-,31-,32-,35+,36+,37-,38-,41-,42-/m1/s1",C1=CC2=C(C(=C1)O[C@H]3[C@@H]([C@H]([C@@H]([C@H](O3)CO)O)O)O)C(=O)C4=C([C@@H]2[C@@H]5C6=C(C(=CC=C6)O[C@H]7[C@@H]([C@H]([C@@H]([C@H](O7)CO)O)O)O)C(=O)C8=C5C=C(C=C8O)C(=O)O)C=C(C=C4O)C(=O)O,221.59998,3.693333
