,InChI,smiles,rt_seconds,rt_minutes
6,"InChI=1S/C26H34O6/c1-14(27)31-22-21(15-4-7-20(29)30-13-15)25(3)11-9-18-19(26(25)23(22)32-26)6-5-16-12-17(28)8-10-24(16,18)2/h4,7,13,16-19,21-23,28H,5-6,8-12H2,1-3H3/t16-,17+,18+,19-,21+,22-,23-,24+,25-,26-/m1/s1",CC(=O)O[C@@H]1[C@@H]([C@]2(CC[C@H]3[C@H]([C@@]24[C@@H]1O4)CC[C@H]5[C@@]3(CC[C@@H](C5)O)C)C)C6=COC(=O)C=C6,1283.847,21.39745
7,"InChI=1S/C26H34O7/c1-14(27)32-21-20(15-4-5-19(29)31-13-15)24(3)10-7-17-18(26(24)22(21)33-26)8-11-25(30)12-16(28)6-9-23(17,25)2/h4-5,13,16-18,20-22,28,30H,6-12H2,1-3H3/t16-,17-,18+,20-,21+,22+,23+,24+,25-,26+/m0/s1",CC(=O)O[C@@H]1[C@@H]([C@]2(CC[C@H]3[C@H]([C@@]24[C@@H]1O4)CC[C@]5([C@@]3(CC[C@@H](C5)O)C)O)C)C6=COC(=O)C=C6,1120.84698,18.680783
21,"InChI=1S/C30H48O4/c1-25(2)13-15-30(24(33)34)16-14-28(5)19(20(30)17-25)7-8-22-26(3)11-10-23(32)27(4,18-31)21(26)9-12-29(22,28)6/h7,20-23,31-32H,8-18H2,1-6H3,(H,33,34)/t20-,21+,22+,23-,26-,27-,28+,29+,30-/m0/s1",C[C@]12CC[C@@H]([C@@]([C@@H]1CC[C@@]3([C@@H]2CC=C4[C@]3(CC[C@@]5([C@H]4CC(CC5)(C)C)C(=O)O)C)C)(C)CO)O,1498.347,24.97245
31,"InChI=1S/C30H48O3/c1-25(2)14-16-30(24(32)33)17-15-28(6)19(20(30)18-25)8-9-22-27(5)12-11-23(31)26(3,4)21(27)10-13-29(22,28)7/h8,20-23,31H,9-18H2,1-7H3,(H,32,33)/t20-,21-,22+,23-,27-,28+,29+,30-/m0/s1",C[C@]12CC[C@@H](C([C@@H]1CC[C@@]3([C@@H]2CC=C4[C@]3(CC[C@@]5([C@H]4CC(CC5)(C)C)C(=O)O)C)C)(C)C)O,1897.347,31.62245
