,InChI,smiles,rt_seconds,rt_minutes
7,"InChI=1S/C19H30O2/c1-18-9-7-13(20)11-12(18)3-4-14-15-5-6-17(21)19(15,2)10-8-16(14)18/h12,14-17,21H,3-11H2,1-2H3",CC12CCC(=O)CC1CCC3C2CCC4(C3CCC4O)C,268.45999998,4.474333333000001
20,"InChI=1S/C19H28O2/c1-18-9-7-13(20)11-12(18)3-4-14-15-5-6-17(21)19(15,2)10-8-16(14)18/h11,14-17,21H,3-10H2,1-2H3/t14-,15-,16-,17-,18-,19-/m0/s1",C[C@]12CC[C@H]3[C@H]([C@@H]1CC[C@@H]2O)CCC4=CC(=O)CC[C@]34C,259.32100002,4.322016667
103,"InChI=1S/C18H35NO/c1-2-3-4-5-6-7-8-9-10-11-12-13-14-15-16-17-18(19)20/h9-10H,2-8,11-17H2,1H3,(H2,19,20)/b10-9-",CCCCCCCC/C=C\CCCCCCCC(=O)N,288.831,4.81385
118,"InChI=1S/C11H20N2O4S3/c1-8(14)13-9(10(15)16)7-19-11(18)12-5-3-4-6-20(2)17/h9H,3-7H2,1-2H3,(H,12,18)(H,13,14)(H,15,16)",CC(=O)NC(CSC(=S)NCCCCS(=O)C)C(=O)O,194.59399998,3.243233333
128,"InChI=1S/C32H51NO11/c1-15(4-7-22(35)33-14-23(36)37)18-5-6-19-24-20(9-11-32(18,19)3)31(2)10-8-17(12-16(31)13-21(24)34)43-30-27(40)25(38)26(39)28(44-30)29(41)42/h15-21,24-28,30,34,38-40H,4-14H2,1-3H3,(H,33,35)(H,36,37)(H,41,42)/t15-,16+,17-,18-,19+,20+,21-,24+,25+,26+,27-,28+,30-,31+,32-/m1/s1",C[C@H](CCC(=O)NCC(=O)O)[C@H]1CC[C@@H]2[C@@]1(CC[C@H]3[C@H]2[C@@H](C[C@H]4[C@@]3(CC[C@H](C4)O[C@H]5[C@@H]([C@H]([C@@H]([C@H](O5)C(=O)O)O)O)O)C)O)C,260.376,4.3396
147,"InChI=1S/C21H30O5/c1-19-7-5-13(23)9-12(19)3-4-14-15-6-8-21(26,17(25)11-22)20(15,2)10-16(24)18(14)19/h9,14-16,18,22,24,26H,3-8,10-11H2,1-2H3/t14-,15-,16-,18+,19-,20-,21-/m0/s1",C[C@]12CCC(=O)C=C1CC[C@@H]3[C@@H]2[C@H](C[C@]4([C@H]3CC[C@@]4(C(=O)CO)O)C)O,231.975,3.86625
153,"InChI=1S/C17H20N4O6/c1-7-3-9-10(4-8(7)2)21(5-11(23)14(25)12(24)6-22)15-13(18-9)16(26)20-17(27)19-15/h3-4,11-12,14,22-25H,5-6H2,1-2H3,(H,20,26,27)",CC1=CC2=C(C=C1C)N(C3=NC(=O)NC(=O)C3=N2)CC(C(C(CO)O)O)O,202.842,3.3807
154,"InChI=1S/C21H28O5/c1-19-7-5-13(23)9-12(19)3-4-14-15-6-8-21(26,17(25)11-22)20(15,2)10-16(24)18(14)19/h9,14-15,18,22,26H,3-8,10-11H2,1-2H3/t14-,15-,18+,19-,20-,21-/m0/s1",C[C@]12CCC(=O)C=C1CC[C@@H]3[C@@H]2C(=O)C[C@]4([C@H]3CC[C@@]4(C(=O)CO)O)C,230.68699998,3.844783333
