,InChI,smiles,rt_seconds,rt_minutes
16,"InChI=1S/C9H11NO2/c10-8(9(11)12)6-7-4-2-1-3-5-7/h1-5,8H,6,10H2,(H,11,12)/t8-/m0/s1",C1=CC=C(C=C1)C[C@@H](C(=O)O)N,78.68200001999999,1.311366667
18,"InChI=1S/C11H12N2O2/c12-9(11(14)15)5-7-6-13-10-4-2-1-3-8(7)10/h1-4,6,9,13H,5,12H2,(H,14,15)/t9-/m0/s1",C1=CC=C2C(=C1)C(=CN2)C[C@@H](C(=O)O)N,151.78900002,2.529816667
22,"InChI=1S/C7H12O4/c8-6(9)4-2-1-3-5-7(10)11/h1-5H2,(H,8,9)(H,10,11)",C(CCC(=O)O)CCC(=O)O,208.34599998,3.4724333329999997
29,"InChI=1S/C24H40O4/c1-14(4-7-21(27)28)17-5-6-18-22-19(9-11-24(17,18)3)23(2)10-8-16(25)12-15(23)13-20(22)26/h14-20,22,25-26H,4-13H2,1-3H3,(H,27,28)/t14-,15+,16-,17-,18+,19+,20-,22+,23+,24-/m1/s1",C[C@H](CCC(=O)O)[C@H]1CC[C@@H]2[C@@]1(CC[C@H]3[C@H]2[C@@H](C[C@H]4[C@@]3(CC[C@H](C4)O)C)O)C,629.454,10.4909
45,"InChI=1S/C9H11NO2/c10-8(9(11)12)6-7-4-2-1-3-5-7/h1-5,8H,6,10H2,(H,11,12)",C1=CC=C(C=C1)CC(C(=O)O)N,78.0,1.3
52,"InChI=1S/C11H14N2O3/c12-7-10(14)13-9(11(15)16)6-8-4-2-1-3-5-8/h1-5,9H,6-7,12H2,(H,13,14)(H,15,16)",C1=CC=C(C=C1)CC(C(=O)O)NC(=O)CN,138.0,2.3
55,"InChI=1S/C15H22N2O4/c1-9(2)7-12(16)14(19)17-13(15(20)21)8-10-3-5-11(18)6-4-10/h3-6,9,12-13,18H,7-8,16H2,1-2H3,(H,17,19)(H,20,21)",CC(C)CC(C(=O)NC(CC1=CC=C(C=C1)O)C(=O)O)N,168.0,2.8
77,"InChI=1S/C10H8O4/c1-13-9-4-6-2-3-10(12)14-8(6)5-7(9)11/h2-5,11H,1H3",COC1=C(C=C2C(=C1)C=CC(=O)O2)O,270.0,4.5
