,InChI,smiles,rt_seconds,rt_minutes
31,"InChI=1S/C24H50NO7P/c1-5-6-7-8-9-10-11-12-13-14-15-16-17-18-24(27)30-21-23(26)22-32-33(28,29)31-20-19-25(2,3)4/h23,26H,5-22H2,1-4H3",CCCCCCCCCCCCCCCC(=O)OCC(COP(=O)([O-])OCC[N+](C)(C)C)O,695.88,11.598
33,"InChI=1S/C17H20N4O6/c1-7-3-9-10(4-8(7)2)21(5-11(23)14(25)12(24)6-22)15-13(18-9)16(26)20-17(27)19-15/h3-4,11-12,14,22-25H,5-6H2,1-2H3,(H,20,26,27)",CC1=CC2=C(C=C1C)N(C3=NC(=O)NC(=O)C3=N2)CC(C(C(CO)O)O)O,235.33900002,3.9223166669999996
46,"InChI=1S/C9H11NO3/c10-8(9(12)13)5-6-1-3-7(11)4-2-6/h1-4,8,11H,5,10H2,(H,12,13)",C1=CC(=CC=C1CC(C(=O)O)N)O,42.0,0.7
53,"InChI=1S/C11H22N2O3/c1-6(2)5-8(11(15)16)13-10(14)9(12)7(3)4/h6-9H,5,12H2,1-4H3,(H,13,14)(H,15,16)",CC(C)CC(C(=O)O)NC(=O)C(C(C)C)N,162.0,2.7
54,"InChI=1S/C11H20N2O3/c1-7(2)6-8(12)10(14)13-5-3-4-9(13)11(15)16/h7-9H,3-6,12H2,1-2H3,(H,15,16)",CC(C)CC(C(=O)N1CCCC1C(=O)O)N,156.0,2.6
62,"InChI=1S/C12H24N2O3/c1-5-8(4)10(13)11(15)14-9(12(16)17)6-7(2)3/h7-10H,5-6,13H2,1-4H3,(H,14,15)(H,16,17)",CCC(C)C(C(=O)NC(CC(C)C)C(=O)O)N,204.0,3.4
71,"InChI=1S/C10H12N2O/c1-13-12-7-8(6-11)9-4-2-3-5-10(9)12/h2-5,7H,6,11H2,1H3",CON1C=C(C2=CC=CC=C21)CN,222.0,3.7
72,"InChI=1S/C9H7NO2/c11-9(12)7-5-10-8-4-2-1-3-6(7)8/h1-5,10H,(H,11,12)",C1=CC=C2C(=C1)C(=CN2)C(=O)O,282.0,4.7
