,InChI,smiles,rt_seconds,rt_minutes
12,"InChI=1S/C6H13NO2/c1-4(2)3-5(7)6(8)9/h4-5H,3,7H2,1-2H3,(H,8,9)/t5-/m0/s1",CC(C)C[C@@H](C(=O)O)N,47.67700002,0.794616667
23,"InChI=1S/C9H10O3/c10-8(9(11)12)6-7-4-2-1-3-5-7/h1-5,8,10H,6H2,(H,11,12)/t8-/m1/s1",C1=CC=C(C=C1)C[C@H](C(=O)O)O,262.24900002,4.370816667
44,"InChI=1S/C11H15N5O4/c1-19-8-7(18)5(2-17)20-11(8)16-4-15-6-9(12)13-3-14-10(6)16/h3-5,7-8,11,17-18H,2H2,1H3,(H2,12,13,14)",COC1C(C(OC1N2C=NC3=C(N=CN=C32)N)CO)O,66.0,1.1
58,"InChI=1S/C14H20N2O3/c1-9(2)12(14(18)19)16-13(17)11(15)8-10-6-4-3-5-7-10/h3-7,9,11-12H,8,15H2,1-2H3,(H,16,17)(H,18,19)",CC(C)C(C(=O)O)NC(=O)C(CC1=CC=CC=C1)N,180.0,3.0
59,"InChI=1S/C14H20N2O3/c1-9(2)12(15)13(17)16-11(14(18)19)8-10-6-4-3-5-7-10/h3-7,9,11-12H,8,15H2,1-2H3,(H,16,17)(H,18,19)",CC(C)C(C(=O)NC(CC1=CC=CC=C1)C(=O)O)N,198.0,3.3
68,"InChI=1S/C10H19NOS2/c1-14(12)9-7-5-3-2-4-6-8-11-10-13/h2-9H2,1H3",CS(=O)CCCCCCCCN=C=S,486.0,8.1
73,"InChI=1S/C16H22O8/c1-22-11-7-9(3-2-6-17)4-5-10(11)23-16-15(21)14(20)13(19)12(8-18)24-16/h2-5,7,12-21H,6,8H2,1H3",COC1=C(C=CC(=C1)C=CCO)OC2C(C(C(C(O2)CO)O)O)O,180.0,3.0
74,"InChI=1S/C17H24O9/c1-23-10-6-9(4-3-5-18)7-11(24-2)16(10)26-17-15(22)14(21)13(20)12(8-19)25-17/h3-4,6-7,12-15,17-22H,5,8H2,1-2H3",COC1=CC(=CC(=C1OC2C(C(C(C(O2)CO)O)O)O)OC)C=CCO,192.0,3.2
