,InChI,smiles,rt_seconds,rt_minutes
3,"InChI=1S/C5H5N5/c6-4-3-5(9-1-7-3)10-2-8-4/h1-2H,(H3,6,7,8,9,10)",C1=NC2=NC=NC(=C2N1)N,31.51600002,0.525266667
5,"InChI=1S/C4H4N2O2/c7-3-1-2-5-4(8)6-3/h1-2H,(H2,5,6,7,8)",C1=CNC(=O)NC1=O,38.25400002,0.637566667
8,"InChI=1S/C9H12N2O6/c12-3-4-6(14)7(15)8(17-4)11-2-1-5(13)10-9(11)16/h1-2,4,6-8,12,14-15H,3H2,(H,10,13,16)/t4-,6-,7-,8-/m1/s1",C1=CN(C(=O)NC1=O)[C@H]2[C@@H]([C@@H]([C@H](O2)CO)O)O,42.25900001999999,0.7043166669999998
19,"InChI=1S/C9H9NO3/c11-8(12)6-10-9(13)7-4-2-1-3-5-7/h1-5H,6H2,(H,10,13)(H,11,12)",C1=CC=C(C=C1)C(=O)NCC(=O)O,203.295,3.3882499999999998
20,"InChI=1S/C9H8O4/c10-7-3-1-6(5-8(7)11)2-4-9(12)13/h1-5,10-11H,(H,12,13)/b4-2+",C1=CC(=C(C=C1/C=C/C(=O)O)O)O,209.62000002,3.493666667
43,"InChI=1S/C10H14N2O5/c1-5-3-12(10(16)11-9(5)15)8-2-6(14)7(4-13)17-8/h3,6-8,13-14H,2,4H2,1H3,(H,11,15,16)",CC1=CN(C(=O)NC1=O)C2CC(C(O2)CO)O,96.0,1.6
63,"InChI=1S/C12H24N2O3/c1-7(2)5-9(13)11(15)14-10(12(16)17)6-8(3)4/h7-10H,5-6,13H2,1-4H3,(H,14,15)(H,16,17)",CC(C)CC(C(=O)NC(CC(C)C)C(=O)O)N,216.0,3.6
66,"InChI=1S/C15H22N2O3/c1-10(2)8-13(15(19)20)17-14(18)12(16)9-11-6-4-3-5-7-11/h3-7,10,12-13H,8-9,16H2,1-2H3,(H,17,18)(H,19,20)",CC(C)CC(C(=O)O)NC(=O)C(CC1=CC=CC=C1)N,246.0,4.1
