,InChI,smiles,rt_seconds,rt_minutes
7,"InChI=1S/C5H7NO3/c7-4-2-1-3(6-4)5(8)9/h3H,1-2H2,(H,6,7)(H,8,9)/t3-/m0/s1",C1CC(=O)N[C@@H]1C(=O)O,41.24800002,0.687466667
11,"InChI=1S/C10H12N4O5/c15-1-4-6(16)7(17)10(19-4)14-3-13-5-8(14)11-2-12-9(5)18/h2-4,6-7,10,15-17H,1H2,(H,11,12,18)",C1=NC2=C(C(=O)N1)N=CN2C3C(C(C(O3)CO)O)O,50.346,0.8391
15,"InChI=1S/C5H8O4/c6-4(7)2-1-3-5(8)9/h1-3H2,(H,6,7)(H,8,9)",C(CC(=O)O)CC(=O)O,68.53600001999999,1.142266667
30,"InChI=1S/C24H40O4/c1-14(4-9-22(27)28)18-7-8-19-17-6-5-15-12-16(25)10-11-23(15,2)20(17)13-21(26)24(18,19)3/h14-21,25-26H,4-13H2,1-3H3,(H,27,28)/t14-,15-,16-,17+,18-,19+,20+,21+,23+,24-/m1/s1",C[C@H](CCC(=O)O)[C@H]1CC[C@@H]2[C@@]1([C@H](C[C@H]3[C@H]2CC[C@H]4[C@@]3(CC[C@H](C4)O)C)O)C,642.258,10.7043
36,"InChI=1S/C7H11N3O2/c1-10-3-5(9-4-10)2-6(8)7(11)12/h3-4,6H,2,8H2,1H3,(H,11,12)",CN1C=C(N=C1)CC(C(=O)O)N,24.44200002,0.40736666699999996
40,"InChI=1S/C10H13N5O5/c11-10-13-7-4(8(19)14-10)12-2-15(7)9-6(18)5(17)3(1-16)20-9/h2-3,5-6,9,16-18H,1H2,(H3,11,13,14,19)",C1=NC2=C(N1C3C(C(C(O3)CO)O)O)N=C(NC2=O)N,66.0,1.1
64,"InChI=1S/C15H22N2O3/c1-3-10(2)13(15(19)20)17-14(18)12(16)9-11-7-5-4-6-8-11/h4-8,10,12-13H,3,9,16H2,1-2H3,(H,17,18)(H,19,20)",CCC(C)C(C(=O)O)NC(=O)C(CC1=CC=CC=C1)N,228.0,3.8
75,"InChI=1S/C20H24O6/c1-24-18-8-12(3-5-16(18)22)7-14-11-26-20(15(14)10-21)13-4-6-17(23)19(9-13)25-2/h3-6,8-9,14-15,20-23H,7,10-11H2,1-2H3",COC1=C(C=CC(=C1)CC2COC(C2CO)C3=CC(=C(C=C3)O)OC)O,336.0,5.6
