,InChI,smiles,rt_seconds,rt_minutes
17,"InChI=1S/C6H10O4/c7-5(8)3-1-2-4-6(9)10/h1-4H2,(H,7,8)(H,9,10)",C(CCC(=O)O)CC(=O)O,139.62,2.327
24,"InChI=1S/C9H16O4/c10-8(11)6-4-2-1-3-5-7-9(12)13/h1-7H2,(H,10,11)(H,12,13)",C(CCCC(=O)O)CCCC(=O)O,321.204,5.3534
28,"InChI=1S/C24H40O5/c1-13(4-7-21(28)29)16-5-6-17-22-18(12-20(27)24(16,17)3)23(2)9-8-15(25)10-14(23)11-19(22)26/h13-20,22,25-27H,4-12H2,1-3H3,(H,28,29)/t13-,14+,15-,16-,17+,18+,19-,20+,22+,23+,24-/m1/s1",C[C@H](CCC(=O)O)[C@H]1CC[C@@H]2[C@@]1([C@H](C[C@H]3[C@H]2[C@@H](C[C@H]4[C@@]3(CC[C@H](C4)O)C)O)O)C,536.475,8.94125
34,"InChI=1S/C21H28O5/c1-19-7-5-13(23)9-12(19)3-4-14-15-6-8-21(26,17(25)11-22)20(15,2)10-16(24)18(14)19/h9,14-15,18,22,26H,3-8,10-11H2,1-2H3/t14-,15-,18+,19-,20-,21-/m0/s1",C[C@]12CCC(=O)C=C1CC[C@@H]3[C@@H]2C(=O)C[C@]4([C@H]3CC[C@@]4(C(=O)CO)O)C,396.38800002,6.606466667
38,"InChI=1S/C8H10N4O2/c1-10-4-9-6-5(10)7(13)12(3)8(14)11(6)2/h4H,1-3H3",CN1C=NC2=C1C(=O)N(C(=O)N2C)C,207.378,3.4562999999999997
41,"InChI=1S/C9H12N2O6/c12-3-4-6(14)7(15)8(17-4)11-2-1-5(13)10-9(11)16/h1-2,4,6-8,12,14-15H,3H2,(H,10,13,16)",C1=CN(C(=O)NC1=O)C2C(C(C(O2)CO)O)O,60.0,1.0
56,"InChI=1S/C15H22N2O4/c1-3-9(2)13(15(20)21)17-14(19)12(16)8-10-4-6-11(18)7-5-10/h4-7,9,12-13,18H,3,8,16H2,1-2H3,(H,17,19)(H,20,21)",CCC(C)C(C(=O)O)NC(=O)C(CC1=CC=C(C=C1)O)N,174.0,2.9
70,"InChI=1S/C10H12N2O/c1-13-9-4-2-3-8-10(9)7(5-11)6-12-8/h2-4,6,12H,5,11H2,1H3",COC1=CC=CC2=C1C(=CN2)CN,192.0,3.2
