,InChI,smiles,rt_seconds,rt_minutes
8,"InChI=1S/C31H43NO10/c1-32-13-28(14-38-2)17(33)11-18(39-3)30-16-12-29(36)25(42-27(35)15-9-7-6-8-10-15)19(16)31(37,24(34)26(29)41-5)20(23(30)32)21(40-4)22(28)30/h6-10,16-26,33-34,36-37H,11-14H2,1-5H3/t16-,17-,18+,19-,20+,21+,22-,23?,24+,25-,26+,28+,29-,30+,31-/m1/s1",CN1C[C@@]2([C@@H](C[C@@H]([C@@]34[C@@H]2[C@H]([C@@H](C31)[C@@]5([C@@H]6[C@H]4C[C@@]([C@@H]6OC(=O)C7=CC=CC=C7)([C@H]([C@@H]5O)OC)O)O)OC)OC)O)COC,867.1000200000001,14.451667000000002
48,"InChI=1S/C48H76O19/c1-43(2)14-16-48(42(61)67-40-35(58)31(54)29(52)24(20-50)63-40)17-15-46(6)21(22(48)18-43)8-9-26-45(5)12-11-27(44(3,4)25(45)10-13-47(26,46)7)64-41-37(33(56)32(55)36(65-41)38(59)60)66-39-34(57)30(53)28(51)23(19-49)62-39/h8,22-37,39-41,49-58H,9-20H2,1-7H3,(H,59,60)/t22-,23+,24+,25-,26+,27-,28+,29+,30-,31-,32-,33-,34+,35+,36-,37+,39-,40-,41+,45-,46+,47+,48-/m0/s1",C[C@]12CC[C@@H](C([C@@H]1CC[C@@]3([C@@H]2CC=C4[C@]3(CC[C@@]5([C@H]4CC(CC5)(C)C)C(=O)O[C@H]6[C@@H]([C@H]([C@@H]([C@H](O6)CO)O)O)O)C)C)(C)C)O[C@H]7[C@@H]([C@H]([C@@H]([C@H](O7)C(=O)O)O)O)O[C@H]8[C@@H]([C@H]([C@@H]([C@H](O8)CO)O)O)O,868.84698,14.480783
51,"InChI=1S/C47H74O18/c1-42(2)14-16-47(41(59)65-39-33(55)30(52)28(50)23(19-48)61-39)17-15-45(6)21(22(47)18-42)8-9-26-44(5)12-11-27(43(3,4)25(44)10-13-46(26,45)7)62-40-34(56)31(53)35(36(64-40)37(57)58)63-38-32(54)29(51)24(20-49)60-38/h8,22-36,38-40,48-56H,9-20H2,1-7H3,(H,57,58)/t22-,23+,24-,25-,26+,27-,28+,29-,30-,31+,32+,33+,34+,35-,36-,38-,39-,40+,44-,45+,46+,47-/m0/s1",C[C@]12CC[C@@H](C([C@@H]1CC[C@@]3([C@@H]2CC=C4[C@]3(CC[C@@]5([C@H]4CC(CC5)(C)C)C(=O)O[C@H]6[C@@H]([C@H]([C@@H]([C@H](O6)CO)O)O)O)C)C)(C)C)O[C@H]7[C@@H]([C@H]([C@@H]([C@H](O7)C(=O)O)O[C@H]8[C@@H]([C@H]([C@@H](O8)CO)O)O)O)O,912.34698,15.205783
66,"InChI=1S/C23H28O11/c1-20-9-22(29)13-7-23(20,32-18-16(27)15(26)14(25)12(8-24)31-18)21(13,19(33-20)34-22)10-30-17(28)11-5-3-2-4-6-11/h2-6,12-16,18-19,24-27,29H,7-10H2,1H3/t12-,13-,14-,15+,16-,18+,19-,20+,21+,22-,23+/m1/s1",C[C@]12C[C@@]3([C@@H]4C[C@]1([C@@]4([C@H](O2)O3)COC(=O)C5=CC=CC=C5)O[C@H]6[C@@H]([C@H]([C@@H]([C@H](O6)CO)O)O)O)O,623.41602,10.390267
67,"InChI=1S/C23H28O11/c1-21-8-13(25)12-7-23(21,33-19-17(28)16(27)15(26)14(9-24)32-19)22(12,20(30)34-21)10-31-18(29)11-5-3-2-4-6-11/h2-6,12-17,19,24-28H,7-10H2,1H3/t12?,13-,14-,15-,16+,17-,19+,21?,22?,23+/m1/s1",CC12C[C@H](C3C[C@]1(C3(C(=O)O2)COC(=O)C4=CC=CC=C4)O[C@H]5[C@@H]([C@H]([C@@H]([C@H](O5)CO)O)O)O)O,608.916,10.1486
