,InChI,smiles,rt_seconds,rt_minutes
14,"InChI=1S/C30H18O10/c31-15-4-1-13(2-5-15)24-12-23(38)29-21(36)10-20(35)27(30(29)40-24)17-7-14(3-6-18(17)33)25-11-22(37)28-19(34)8-16(32)9-26(28)39-25/h1-12,31-36H",C1=CC(=CC=C1C2=CC(=O)C3=C(O2)C(=C(C=C3O)O)C4=C(C=CC(=C4)C5=CC(=O)C6=C(C=C(C=C6O5)O)O)O)O,967.09998,16.118333
45,"InChI=1S/C30H20O11/c31-14-4-1-12(2-5-14)29-27(28(39)25-18(35)8-15(32)9-23(25)41-29)26-20(37)10-19(36)24-21(38)11-22(40-30(24)26)13-3-6-16(33)17(34)7-13/h1-11,27,29,31-37H/t27-,29+/m0/s1",C1=CC(=CC=C1[C@@H]2[C@H](C(=O)C3=C(C=C(C=C3O2)O)O)C4=C(C=C(C5=C4OC(=CC5=O)C6=CC(=C(C=C6)O)O)O)O)O,935.59998,15.593333
49,"InChI=1S/C42H68O13/c1-21-29(47)34(55-35-32(50)31(49)30(48)24(18-43)53-35)33(51)36(52-21)54-28-11-12-38(4)25(39(28,5)19-44)10-13-40(6)26(38)9-8-22-23-16-37(2,3)14-15-42(23,20-45)27(46)17-41(22,40)7/h8-9,21,24-36,43-51H,10-20H2,1-7H3/t21-,24-,25-,26-,27-,28+,29+,30-,31+,32-,33-,34+,35+,36+,38+,39+,40-,41-,42-/m1/s1",C[C@@H]1[C@@H]([C@@H]([C@H]([C@@H](O1)O[C@H]2CC[C@]3([C@H]([C@]2(C)CO)CC[C@@]4([C@@H]3C=CC5=C6CC(CC[C@@]6([C@@H](C[C@]54C)O)CO)(C)C)C)C)O)O[C@H]7[C@@H]([C@H]([C@@H]([C@H](O7)CO)O)O)O)O,1164.32298,19.405382999999997
53,"InChI=1S/C20H24O9/c1-20(2,29-19-18(25)17(24)16(23)13(8-21)28-19)14-6-10-5-9-3-4-15(22)27-11(9)7-12(10)26-14/h3-5,7,13-14,16-19,21,23-25H,6,8H2,1-2H3/t13-,14-,16-,17+,18-,19+/m1/s1",CC(C)([C@H]1CC2=C(O1)C=C3C(=C2)C=CC(=O)O3)O[C@H]4[C@@H]([C@H]([C@@H]([C@H](O4)CO)O)O)O,715.84698,11.930783
54,"InChI=1S/C26H30O8/c1-22(2)15-9-16(27)24(4)14(25(15)12-31-18(28)10-17(25)33-22)5-7-23(3)19(13-6-8-30-11-13)32-21(29)20-26(23,24)34-20/h6,8,11,14-15,17,19-20H,5,7,9-10,12H2,1-4H3/t14-,15-,17-,19-,20+,23-,24-,25+,26+/m0/s1",C[C@@]12CC[C@H]3[C@]([C@@]14[C@H](O4)C(=O)O[C@H]2C5=COC=C5)(C(=O)C[C@@H]6[C@@]37COC(=O)C[C@@H]7OC6(C)C)C,1185.84702,19.764117
