,InChI,smiles,rt_seconds,rt_minutes
37,"InChI=1S/C25H20O12/c1-11(26)32-17-9-20(35-14(4)29)22-21(10-17)37-24(25(23(22)31)36-15(5)30)16-6-7-18(33-12(2)27)19(8-16)34-13(3)28/h6-10H,1-5H3",CC(=O)OC1=C(C=C(C=C1)C2=C(C(=O)C3=C(O2)C=C(C=C3OC(=O)C)OC(=O)C)OC(=O)C)OC(=O)C,1313.59998,21.893333
41,"InChI=1S/C20H16O7/c1-11(21)25-15-8-18(26-12(2)22)20-16(23)10-17(27-19(20)9-15)13-4-6-14(24-3)7-5-13/h4-10H,1-3H3",CC(=O)OC1=CC2=C(C(=C1)OC(=O)C)C(=O)C=C(O2)C3=CC=C(C=C3)OC,1323.6,22.06
65,"InChI=1S/C22H18O9/c1-11(23)28-15-7-5-14(6-8-15)17-9-16(26)20-18(31-17)10-19(29-12(2)24)21(27-4)22(20)30-13(3)25/h5-10H,1-4H3",CC(=O)OC1=CC=C(C=C1)C2=CC(=O)C3=C(C(=C(C=C3O2)OC(=O)C)OC)OC(=O)C,1307.7,21.795
69,"InChI=1S/C17H26O4/c1-3-4-5-6-14(18)12-15(19)9-7-13-8-10-16(20)17(11-13)21-2/h8,10-11,14,18,20H,3-7,9,12H2,1-2H3/t14-/m0/s1",CCCCC[C@@H](CC(=O)CCC1=CC(=C(C=C1)O)OC)O,1244.32302,20.738717
72,"InChI=1S/C18H27NO3/c1-14(2)8-6-4-5-7-9-18(21)19-13-15-10-11-16(20)17(12-15)22-3/h6,8,10-12,14,20H,4-5,7,9,13H2,1-3H3,(H,19,21)/b8-6+",CC(C)/C=C/CCCCC(=O)NCC1=CC(=C(C=C1)O)OC,1325.32302,22.088717
77,"InChI=1S/C23H18O10/c1-11(24)29-16-7-5-15(6-8-16)18-9-17(28)21-19(33-18)10-20(30-12(2)25)22(31-13(3)26)23(21)32-14(4)27/h5-10H,1-4H3",CC(=O)OC1=CC=C(C=C1)C2=CC(=O)C3=C(C(=C(C=C3O2)OC(=O)C)OC(=O)C)OC(=O)C,1289.59998,21.493333
