,InChI,smiles,rt_seconds,rt_minutes
0,"InChI=1S/C30H50O5/c1-17(15-21(32)25(34)27(4,5)35)18-9-13-29(7)19(18)16-20(31)24-28(6)12-11-23(33)26(2,3)22(28)10-14-30(24,29)8/h17,20-22,24-25,31-32,34-35H,9-16H2,1-8H3/t17?,20?,21-,22-,24-,25?,28-,29-,30-/m0/s1",CC(C[C@@H](C(C(C)(C)O)O)O)C1=C2CC([C@H]3[C@]4(CCC(=O)C([C@@H]4CC[C@@]3([C@]2(CC1)C)C)(C)C)C)O,1551.5989998,25.85998333
1,"InChI=1S/C30H48O4/c1-17(15-21(32)25-27(4,5)34-25)18-9-13-29(7)19(18)16-20(31)24-28(6)12-11-23(33)26(2,3)22(28)10-14-30(24,29)8/h17,20-22,24-25,31-32H,9-16H2,1-8H3/t17-,20+,21?,22?,24+,25?,28+,29+,30+/m1/s1",C[C@H](CC(C1C(O1)(C)C)O)C2=C3C[C@@H]([C@H]4[C@]5(CCC(=O)C(C5CC[C@@]4([C@]3(CC2)C)C)(C)C)C)O,1797.999,29.96665
2,"InChI=1S/C32H50O5/c1-18(16-23(36-19(2)33)27-29(5,6)37-27)20-10-14-31(8)21(20)17-22(34)26-30(7)13-12-25(35)28(3,4)24(30)11-15-32(26,31)9/h18,22-24,26-27,34H,10-17H2,1-9H3/t18?,22-,23?,24?,26?,27?,30-,31-,32-/m0/s1",CC(CC(C1C(O1)(C)C)OC(=O)C)C2=C3C[C@@H](C4[C@]5(CCC(=O)C(C5CC[C@@]4([C@]3(CC2)C)C)(C)C)C)O,1920.7990002,32.01331667
21,"InChI=1S/C30H48O4/c1-25(2)13-15-30(24(33)34)16-14-28(5)19(20(30)17-25)7-8-22-26(3)11-10-23(32)27(4,18-31)21(26)9-12-29(22,28)6/h7,20-23,31-32H,8-18H2,1-6H3,(H,33,34)/t20-,21+,22+,23-,26-,27-,28+,29+,30-/m0/s1",C[C@]12CC[C@@H]([C@@]([C@@H]1CC[C@@]3([C@@H]2CC=C4[C@]3(CC[C@@]5([C@H]4CC(CC5)(C)C)C(=O)O)C)C)(C)CO)O,1498.347,24.97245
31,"InChI=1S/C30H48O3/c1-25(2)14-16-30(24(32)33)17-15-28(6)19(20(30)18-25)8-9-22-27(5)12-11-23(31)26(3,4)21(27)10-13-29(22,28)7/h8,20-23,31H,9-18H2,1-7H3,(H,32,33)/t20-,21-,22+,23-,27-,28+,29+,30-/m0/s1",C[C@]12CC[C@@H](C([C@@H]1CC[C@@]3([C@@H]2CC=C4[C@]3(CC[C@@]5([C@H]4CC(CC5)(C)C)C(=O)O)C)C)(C)C)O,1897.347,31.62245
50,"InChI=1S/C47H80O17/c1-22(2)10-9-14-47(8,58)23-11-16-46(7)31(23)24(49)18-29-44(5)15-13-30(43(3,4)28(44)12-17-45(29,46)6)63-42-39(64-41-38(57)35(54)33(52)26(19-48)61-41)36(55)34(53)27(62-42)21-60-40-37(56)32(51)25(50)20-59-40/h10,23-42,48-58H,9,11-21H2,1-8H3/t23-,24+,25+,26+,27+,28-,29+,30-,31-,32-,33+,34+,35-,36-,37+,38+,39+,40-,41-,42-,44-,45+,46+,47-/m0/s1",CC(=CCC[C@@](C)([C@H]1CC[C@@]2([C@@H]1[C@@H](C[C@H]3[C@]2(CC[C@@H]4[C@@]3(CC[C@@H](C4(C)C)O[C@H]5[C@@H]([C@H]([C@@H]([C@H](O5)CO[C@H]6[C@@H]([C@H]([C@@H](CO6)O)O)O)O)O)O[C@H]7[C@@H]([C@H]([C@@H]([C@H](O7)CO)O)O)O)C)C)O)C)O)C,1284.84702,21.414116999999997
