,InChI,smiles,rt_seconds,rt_minutes
13,"InChI=1S/C12H14O8/c13-5-1-3-6(4-2-5)19-12-9(16)7(14)8(15)10(20-12)11(17)18/h1-4,7-10,12-16H,(H,17,18)/t7-,8-,9+,10-,12+/m0/s1",C1=CC(=CC=C1O)O[C@H]2[C@@H]([C@H]([C@@H]([C@H](O2)C(=O)O)O)O)O,54.579,0.90965
15,"InChI=1S/C16H17NO8/c18-10(5-7-6-17-9-4-2-1-3-8(7)9)24-16-13(21)11(19)12(20)14(25-16)15(22)23/h1-4,6,11-14,16-17,19-21H,5H2,(H,22,23)/t11-,12-,13+,14-,16+/m0/s1",C1=CC=C2C(=C1)C(=CN2)CC(=O)O[C@H]3[C@@H]([C@H]([C@@H]([C@H](O3)C(=O)O)O)O)O,207.68899998,3.461483333
23,"InChI=1S/C14H24O8/c1-2-3-4-5-6-7-8(15)21-14-11(18)9(16)10(17)12(22-14)13(19)20/h9-12,14,16-18H,2-7H2,1H3,(H,19,20)",CCCCCCCC(=O)OC1C(C(C(C(O1)C(=O)O)O)O)O,235.25800002,3.920966667
26,"InChI=1S/C15H15NO8/c17-9-10(18)12(13(20)21)23-15(11(9)19)24-14(22)7-5-16-8-4-2-1-3-6(7)8/h1-5,9-12,15-19H,(H,20,21)/t9-,10-,11+,12?,15-/m0/s1",C1=CC=C2C(=C1)C(=CN2)C(=O)O[C@H]3[C@@H]([C@H]([C@@H](C(O3)C(=O)O)O)O)O,205.25650002,3.420941667
60,"InChI=1S/C20H26O4/c1-10(2)11-8-12-13-9-14-19(3,4)6-5-7-20(14,18(23)24-13)15(12)17(22)16(11)21/h8,10,13-14,21-22H,5-7,9H2,1-4H3/t13-,14-,20+/m0/s1",CC(C)C1=C(C(=C2C(=C1)[C@@H]3C[C@@H]4[C@@]2(CCCC4(C)C)C(=O)O3)O)O,270.86500002,4.514416667000001
84,"InChI=1S/C14H17NO6/c16-6-10-11(17)12(18)13(19)14(21-10)20-9-5-15-8-4-2-1-3-7(8)9/h1-5,10-19H,6H2",C1=CC=C2C(=C1)C(=CN2)OC3C(C(C(C(O3)CO)O)O)O,175.40800002,2.923466667
85,"InChI=1S/C14H15NO7/c16-9-10(17)12(13(19)20)22-14(11(9)18)21-8-5-15-7-4-2-1-3-6(7)8/h1-5,9-12,14-18H,(H,19,20)/t9-,10-,11+,12-,14+/m0/s1",C1=CC=C2C(=C1)C(=CN2)O[C@H]3[C@@H]([C@H]([C@@H]([C@H](O3)C(=O)O)O)O)O,176.724,2.9454
111,"InChI=1S/C12H14O8/c13-5-3-1-2-4-6(5)19-12-9(16)7(14)8(15)10(20-12)11(17)18/h1-4,7-10,12-16H,(H,17,18)",C1=CC=C(C(=C1)O)OC2C(C(C(C(O2)C(=O)O)O)O)O,168.34600002,2.805766667
