,InChI,smiles,rt_seconds,rt_minutes
18,"InChI=1S/C48H84NO8P/c1-6-8-10-12-14-16-18-20-22-23-24-25-27-29-31-33-35-37-39-41-48(51)57-46(45-56-58(52,53)55-43-42-49(3,4)5)44-54-47(50)40-38-36-34-32-30-28-26-21-19-17-15-13-11-9-7-2/h8,10,14,16,20,22,24-25,29,31,35,37,46H,6-7,9,11-13,15,17-19,21,23,26-28,30,32-34,36,38-45H2,1-5H3",CCCCCCCCCCCCCCCCCC(=O)OCC(COP(=O)([O-])OCC[N+](C)(C)C)OC(=O)CCC=CCC=CCC=CCC=CCC=CCC=CCC,330.87,5.5145
65,"InChI=1S/C22H42N4O8S2/c1-21(2,13-27)17(31)19(33)25-7-5-15(29)23-9-11-35-36-12-10-24-16(30)6-8-26-20(34)18(32)22(3,4)14-28/h17-18,27-28,31-32H,5-14H2,1-4H3,(H,23,29)(H,24,30)(H,25,33)(H,26,34)/t17-,18-/m0/s1",CC(C)(CO)[C@H](C(=O)NCCC(=O)NCCSSCCNC(=O)CCNC(=O)[C@@H](C(C)(C)CO)O)O,206.41099998,3.4401833330000002
