,InChI,smiles,rt_seconds,rt_minutes
118,"InChI=1S/C11H20N2O4S3/c1-8(14)13-9(10(15)16)7-19-11(18)12-5-3-4-6-20(2)17/h9H,3-7H2,1-2H3,(H,12,18)(H,13,14)(H,15,16)",CC(=O)NC(CSC(=S)NCCCCS(=O)C)C(=O)O,194.59399998,3.243233333
153,"InChI=1S/C17H20N4O6/c1-7-3-9-10(4-8(7)2)21(5-11(23)14(25)12(24)6-22)15-13(18-9)16(26)20-17(27)19-15/h3-4,11-12,14,22-25H,5-6H2,1-2H3,(H,20,26,27)",CC1=CC2=C(C=C1C)N(C3=NC(=O)NC(=O)C3=N2)CC(C(C(CO)O)O)O,202.842,3.3807
