,InChI,smiles,rt_seconds,rt_minutes
60,"InChI=1S/C20H26O4/c1-10(2)11-8-12-13-9-14-19(3,4)6-5-7-20(14,18(23)24-13)15(12)17(22)16(11)21/h8,10,13-14,21-22H,5-7,9H2,1-4H3/t13-,14-,20+/m0/s1",CC(C)C1=C(C(=C2C(=C1)[C@@H]3C[C@@H]4[C@@]2(CCCC4(C)C)C(=O)O3)O)O,270.86500002,4.514416667000001
118,"InChI=1S/C11H20N2O4S3/c1-8(14)13-9(10(15)16)7-19-11(18)12-5-3-4-6-20(2)17/h9H,3-7H2,1-2H3,(H,12,18)(H,13,14)(H,15,16)",CC(=O)NC(CSC(=S)NCCCCS(=O)C)C(=O)O,194.59399998,3.243233333
