,InChI,smiles,rt_seconds,rt_minutes
18,"InChI=1S/C48H84NO8P/c1-6-8-10-12-14-16-18-20-22-23-24-25-27-29-31-33-35-37-39-41-48(51)57-46(45-56-58(52,53)55-43-42-49(3,4)5)44-54-47(50)40-38-36-34-32-30-28-26-21-19-17-15-13-11-9-7-2/h8,10,14,16,20,22,24-25,29,31,35,37,46H,6-7,9,11-13,15,17-19,21,23,26-28,30,32-34,36,38-45H2,1-5H3",CCCCCCCCCCCCCCCCCC(=O)OCC(COP(=O)([O-])OCC[N+](C)(C)C)OC(=O)CCC=CCC=CCC=CCC=CCC=CCC=CCC,330.87,5.5145
87,"InChI=1S/C15H10O6/c16-8-3-1-7(2-4-8)15-14(20)13(19)12-10(18)5-9(17)6-11(12)21-15/h1-6,16-18,20H",C1=CC(=CC=C1C2=C(C(=O)C3=C(C=C(C=C3O2)O)O)O)O,232.96600002,3.882766667
95,"InChI=1S/C15H10O6/c16-8-4-11(19)15-12(20)6-13(21-14(15)5-8)7-1-2-9(17)10(18)3-7/h1-6,16-19H",C1=CC(=C(C=C1C2=CC(=O)C3=C(C=C(C=C3O2)O)O)O)O,224.7525,3.745875
114,"InChI=1S/C15H10O7/c16-7-4-10(19)12-11(5-7)22-15(14(21)13(12)20)6-1-2-8(17)9(18)3-6/h1-5,16-19,21H",C1=CC(=C(C=C1C2=C(C(=O)C3=C(C=C(C=C3O2)O)O)O)O)O,224.37100002,3.7395166669999997
