,InChI,smiles,rt_seconds,rt_minutes
18,"InChI=1S/C11H12N2O2/c12-9(11(14)15)5-7-6-13-10-4-2-1-3-8(7)10/h1-4,6,9,13H,5,12H2,(H,14,15)/t9-/m0/s1",C1=CC=C2C(=C1)C(=CN2)C[C@@H](C(=O)O)N,151.78900002,2.529816667
47,"InChI=1S/C11H12N2O2/c12-9(11(14)15)5-7-6-13-10-4-2-1-3-8(7)10/h1-4,6,9,13H,5,12H2,(H,14,15)",C1=CC=C2C(=C1)C(=CN2)CC(C(=O)O)N,144.0,2.4
48,"InChI=1S/C12H12N2O2/c15-12(16)10-5-8-7-3-1-2-4-9(7)14-11(8)6-13-10/h1-4,10,13-14H,5-6H2,(H,15,16)",C1C(NCC2=C1C3=CC=CC=C3N2)C(=O)O,186.0,3.1
69,"InChI=1S/C9H10N2/c10-5-7-6-11-9-4-2-1-3-8(7)9/h1-4,6,11H,5,10H2",C1=CC=C2C(=C1)C(=CN2)CN,108.0,1.8
70,"InChI=1S/C10H12N2O/c1-13-9-4-2-3-8-10(9)7(5-11)6-12-8/h2-4,6,12H,5,11H2,1H3",COC1=CC=CC2=C1C(=CN2)CN,192.0,3.2
71,"InChI=1S/C10H12N2O/c1-13-12-7-8(6-11)9-4-2-3-5-10(9)12/h2-5,7H,6,11H2,1H3",CON1C=C(C2=CC=CC=C21)CN,222.0,3.7
72,"InChI=1S/C9H7NO2/c11-9(12)7-5-10-8-4-2-1-3-6(7)8/h1-5,10H,(H,11,12)",C1=CC=C2C(=C1)C(=CN2)C(=O)O,282.0,4.7
