,InChI,smiles,rt_seconds,rt_minutes
2,"InChI=1S/C6H13N3O3/c7-4(5(10)11)2-1-3-9-6(8)12/h4H,1-3,7H2,(H,10,11)(H3,8,9,12)/t4-/m0/s1",C(C[C@@H](C(=O)O)N)CNC(=O)N,27.435,0.45725
21,"InChI=1S/C8H8O2/c9-8(10)6-7-4-2-1-3-5-7/h1-5H,6H2,(H,9,10)",C1=CC=C(C=C1)CC(=O)O,215.75800002,3.595966667
31,"InChI=1S/C24H50NO7P/c1-5-6-7-8-9-10-11-12-13-14-15-16-17-18-24(27)30-21-23(26)22-32-33(28,29)31-20-19-25(2,3)4/h23,26H,5-22H2,1-4H3",CCCCCCCCCCCCCCCC(=O)OCC(COP(=O)([O-])OCC[N+](C)(C)C)O,695.88,11.598
34,"InChI=1S/C21H28O5/c1-19-7-5-13(23)9-12(19)3-4-14-15-6-8-21(26,17(25)11-22)20(15,2)10-16(24)18(14)19/h9,14-15,18,22,26H,3-8,10-11H2,1-2H3/t14-,15-,18+,19-,20-,21-/m0/s1",C[C@]12CCC(=O)C=C1CC[C@@H]3[C@@H]2C(=O)C[C@]4([C@H]3CC[C@@]4(C(=O)CO)O)C,396.38800002,6.606466667
35,"InChI=1S/C5H9NO2/c7-5(8)4-2-1-3-6-4/h4,6H,1-3H2,(H,7,8)/t4-/m0/s1",C1C[C@H](NC1)C(=O)O,28.89100002,0.481516667
42,"InChI=1S/C10H13N5O3/c11-9-8-10(13-3-12-9)15(4-14-8)7-1-5(17)6(2-16)18-7/h3-7,16-17H,1-2H2,(H2,11,12,13)",C1C(C(OC1N2C=NC3=C(N=CN=C32)N)CO)O,48.0,0.8
52,"InChI=1S/C11H14N2O3/c12-7-10(14)13-9(11(15)16)6-8-4-2-1-3-5-8/h1-5,9H,6-7,12H2,(H,13,14)(H,15,16)",C1=CC=C(C=C1)CC(C(=O)O)NC(=O)CN,138.0,2.3
71,"InChI=1S/C10H12N2O/c1-13-12-7-8(6-11)9-4-2-3-5-10(9)12/h2-5,7H,6,11H2,1H3",CON1C=C(C2=CC=CC=C21)CN,222.0,3.7
