,InChI,smiles,rt_seconds,rt_minutes
9,"InChI=1S/C9H11NO3/c10-8(9(12)13)5-6-1-3-7(11)4-2-6/h1-4,8,11H,5,10H2,(H,12,13)/t8-/m0/s1",C1=CC(=CC=C1C[C@@H](C(=O)O)N)O,42.933,0.71555
15,"InChI=1S/C5H8O4/c6-4(7)2-1-3-5(8)9/h1-3H2,(H,6,7)(H,8,9)",C(CC(=O)O)CC(=O)O,68.53600001999999,1.142266667
22,"InChI=1S/C7H12O4/c8-6(9)4-2-1-3-5-7(10)11/h1-5H2,(H,8,9)(H,10,11)",C(CCC(=O)O)CCC(=O)O,208.34599998,3.4724333329999997
36,"InChI=1S/C7H11N3O2/c1-10-3-5(9-4-10)2-6(8)7(11)12/h3-4,6H,2,8H2,1H3,(H,11,12)",CN1C=C(N=C1)CC(C(=O)O)N,24.44200002,0.40736666699999996
64,"InChI=1S/C15H22N2O3/c1-3-10(2)13(15(19)20)17-14(18)12(16)9-11-7-5-4-6-8-11/h4-8,10,12-13H,3,9,16H2,1-2H3,(H,17,18)(H,19,20)",CCC(C)C(C(=O)O)NC(=O)C(CC1=CC=CC=C1)N,228.0,3.8
67,"InChI=1S/C15H22N2O3/c1-10(2)8-12(16)14(18)17-13(15(19)20)9-11-6-4-3-5-7-11/h3-7,10,12-13H,8-9,16H2,1-2H3,(H,17,18)(H,19,20)",CC(C)CC(C(=O)NC(CC1=CC=CC=C1)C(=O)O)N,252.0,4.2
68,"InChI=1S/C10H19NOS2/c1-14(12)9-7-5-3-2-4-6-8-11-10-13/h2-9H2,1H3",CS(=O)CCCCCCCCN=C=S,486.0,8.1
75,"InChI=1S/C20H24O6/c1-24-18-8-12(3-5-16(18)22)7-14-11-26-20(15(14)10-21)13-4-6-17(23)19(9-13)25-2/h3-6,8-9,14-15,20-23H,7,10-11H2,1-2H3",COC1=C(C=CC(=C1)CC2COC(C2CO)C3=CC(=C(C=C3)O)OC)O,336.0,5.6
