,InChI,smiles,rt_seconds,rt_minutes
6,"InChI=1S/C5H11NO2S/c1-9-3-2-4(6)5(7)8/h4H,2-3,6H2,1H3,(H,7,8)/t4-/m0/s1",CSCC[C@@H](C(=O)O)N,38.592,0.6432
11,"InChI=1S/C10H12N4O5/c15-1-4-6(16)7(17)10(19-4)14-3-13-5-8(14)11-2-12-9(5)18/h2-4,6-7,10,15-17H,1H2,(H,11,12,18)",C1=NC2=C(C(=O)N1)N=CN2C3C(C(C(O3)CO)O)O,50.346,0.8391
12,"InChI=1S/C6H13NO2/c1-4(2)3-5(7)6(8)9/h4-5H,3,7H2,1-2H3,(H,8,9)/t5-/m0/s1",CC(C)C[C@@H](C(=O)O)N,47.67700002,0.794616667
16,"InChI=1S/C9H11NO2/c10-8(9(11)12)6-7-4-2-1-3-5-7/h1-5,8H,6,10H2,(H,11,12)/t8-/m0/s1",C1=CC=C(C=C1)C[C@@H](C(=O)O)N,78.68200001999999,1.311366667
66,"InChI=1S/C15H22N2O3/c1-10(2)8-13(15(19)20)17-14(18)12(16)9-11-6-4-3-5-7-11/h3-7,10,12-13H,8-9,16H2,1-2H3,(H,17,18)(H,19,20)",CC(C)CC(C(=O)O)NC(=O)C(CC1=CC=CC=C1)N,246.0,4.1
74,"InChI=1S/C17H24O9/c1-23-10-6-9(4-3-5-18)7-11(24-2)16(10)26-17-15(22)14(21)13(20)12(8-19)25-17/h3-4,6-7,12-15,17-22H,5,8H2,1-2H3",COC1=CC(=CC(=C1OC2C(C(C(C(O2)CO)O)O)O)OC)C=CCO,192.0,3.2
77,"InChI=1S/C10H8O4/c1-13-9-4-6-2-3-10(12)14-8(6)5-7(9)11/h2-5,11H,1H3",COC1=C(C=C2C(=C1)C=CC(=O)O2)O,270.0,4.5
78,"InChI=1S/C15H16O9/c16-5-10-12(19)13(20)14(21)15(24-10)23-9-3-6-1-2-11(18)22-8(6)4-7(9)17/h1-4,10,12-17,19-21H,5H2",C1=CC(=O)OC2=CC(=C(C=C21)OC3C(C(C(C(O3)CO)O)O)O)O,174.0,2.9
