,InChI,smiles,rt_seconds,rt_minutes
5,"InChI=1S/C4H4N2O2/c7-3-1-2-5-4(8)6-3/h1-2H,(H2,5,6,7,8)",C1=CNC(=O)NC1=O,38.25400002,0.637566667
20,"InChI=1S/C9H8O4/c10-7-3-1-6(5-8(7)11)2-4-9(12)13/h1-5,10-11H,(H,12,13)/b4-2+",C1=CC(=C(C=C1/C=C/C(=O)O)O)O,209.62000002,3.493666667
26,"InChI=1S/C26H45NO7S/c1-15(4-7-23(31)27-10-11-35(32,33)34)18-5-6-19-24-20(14-22(30)26(18,19)3)25(2)9-8-17(28)12-16(25)13-21(24)29/h15-22,24,28-30H,4-14H2,1-3H3,(H,27,31)(H,32,33,34)/t15-,16+,17-,18-,19+,20+,21-,22+,24+,25+,26-/m1/s1",C[C@H](CCC(=O)NCCS(=O)(=O)O)[C@H]1CC[C@@H]2[C@@]1([C@H](C[C@H]3[C@H]2[C@@H](C[C@H]4[C@@]3(CC[C@H](C4)O)C)O)O)C,453.93799998,7.565633332999999
32,"InChI=1S/C26H52NO7P/c1-5-6-7-8-9-10-11-12-13-14-15-16-17-18-19-20-26(29)32-23-25(28)24-34-35(30,31)33-22-21-27(2,3)4/h12-13,25,28H,5-11,14-24H2,1-4H3/p+1/b13-12-",CCCCCCCC/C=C\CCCCCCCC(=O)OCC(COP(=O)(O)OCC[N+](C)(C)C)O,719.802,11.9967
33,"InChI=1S/C17H20N4O6/c1-7-3-9-10(4-8(7)2)21(5-11(23)14(25)12(24)6-22)15-13(18-9)16(26)20-17(27)19-15/h3-4,11-12,14,22-25H,5-6H2,1-2H3,(H,20,26,27)",CC1=CC2=C(C=C1C)N(C3=NC(=O)NC(=O)C3=N2)CC(C(C(CO)O)O)O,235.33900002,3.9223166669999996
58,"InChI=1S/C14H20N2O3/c1-9(2)12(14(18)19)16-13(17)11(15)8-10-6-4-3-5-7-10/h3-7,9,11-12H,8,15H2,1-2H3,(H,16,17)(H,18,19)",CC(C)C(C(=O)O)NC(=O)C(CC1=CC=CC=C1)N,180.0,3.0
62,"InChI=1S/C12H24N2O3/c1-5-8(4)10(13)11(15)14-9(12(16)17)6-7(2)3/h7-10H,5-6,13H2,1-4H3,(H,14,15)(H,16,17)",CCC(C)C(C(=O)NC(CC(C)C)C(=O)O)N,204.0,3.4
79,"InChI=1S/C16H18O9/c1-22-9-4-7-2-3-12(18)23-8(7)5-10(9)24-16-15(21)14(20)13(19)11(6-17)25-16/h2-5,11,13-17,19-21H,6H2,1H3",COC1=C(C=C2C(=C1)C=CC(=O)O2)OC3C(C(C(C(O3)CO)O)O)O,198.0,3.3
