,InChI,smiles,rt_seconds,rt_minutes
7,"InChI=1S/C5H7NO3/c7-4-2-1-3(6-4)5(8)9/h3H,1-2H2,(H,6,7)(H,8,9)/t3-/m0/s1",C1CC(=O)N[C@@H]1C(=O)O,41.24800002,0.687466667
19,"InChI=1S/C9H9NO3/c11-8(12)6-10-9(13)7-4-2-1-3-5-7/h1-5H,6H2,(H,10,13)(H,11,12)",C1=CC=C(C=C1)C(=O)NCC(=O)O,203.295,3.3882499999999998
43,"InChI=1S/C10H14N2O5/c1-5-3-12(10(16)11-9(5)15)8-2-6(14)7(4-13)17-8/h3,6-8,13-14H,2,4H2,1H3,(H,11,15,16)",CC1=CN(C(=O)NC1=O)C2CC(C(O2)CO)O,96.0,1.6
47,"InChI=1S/C11H12N2O2/c12-9(11(14)15)5-7-6-13-10-4-2-1-3-8(7)10/h1-4,6,9,13H,5,12H2,(H,14,15)",C1=CC=C2C(=C1)C(=CN2)CC(C(=O)O)N,144.0,2.4
57,"InChI=1S/C15H22N2O4/c1-9(2)7-13(15(20)21)17-14(19)12(16)8-10-3-5-11(18)6-4-10/h3-6,9,12-13,18H,7-8,16H2,1-2H3,(H,17,19)(H,20,21)",CC(C)CC(C(=O)O)NC(=O)C(CC1=CC=C(C=C1)O)N,192.0,3.2
59,"InChI=1S/C14H20N2O3/c1-9(2)12(15)13(17)16-11(14(18)19)8-10-6-4-3-5-7-10/h3-7,9,11-12H,8,15H2,1-2H3,(H,16,17)(H,18,19)",CC(C)C(C(=O)NC(CC1=CC=CC=C1)C(=O)O)N,198.0,3.3
72,"InChI=1S/C9H7NO2/c11-9(12)7-5-10-8-4-2-1-3-6(7)8/h1-5,10H,(H,11,12)",C1=CC=C2C(=C1)C(=CN2)C(=O)O,282.0,4.7
73,"InChI=1S/C16H22O8/c1-22-11-7-9(3-2-6-17)4-5-10(11)23-16-15(21)14(20)13(19)12(8-18)24-16/h2-5,7,12-21H,6,8H2,1H3",COC1=C(C=CC(=C1)C=CCO)OC2C(C(C(C(O2)CO)O)O)O,180.0,3.0
