,InChI,smiles,rt_seconds,rt_minutes
0,"InChI=1S/C6H14N4O2/c7-4(5(11)12)2-1-3-10-6(8)9/h4H,1-3,7H2,(H,11,12)(H4,8,9,10)/t4-/m0/s1",C(C[C@@H](C(=O)O)N)CN=C(N)N,24.77800002,0.412966667
13,"InChI=1S/C6H13NO2/c1-3-4(2)5(7)6(8)9/h4-5H,3,7H2,1-2H3,(H,8,9)/t4-,5-/m0/s1",CC[C@H](C)[C@@H](C(=O)O)N,47.67700002,0.794616667
23,"InChI=1S/C9H10O3/c10-8(9(11)12)6-7-4-2-1-3-5-7/h1-5,8,10H,6H2,(H,11,12)/t8-/m1/s1",C1=CC=C(C=C1)C[C@H](C(=O)O)O,262.24900002,4.370816667
37,"InChI=1S/C7H7NO2/c8-6-3-1-5(2-4-6)7(9)10/h1-4H,8H2,(H,9,10)",C1=CC(=CC=C1C(=O)O)N,116.75200002,1.945866667
41,"InChI=1S/C9H12N2O6/c12-3-4-6(14)7(15)8(17-4)11-2-1-5(13)10-9(11)16/h1-2,4,6-8,12,14-15H,3H2,(H,10,13,16)",C1=CN(C(=O)NC1=O)C2C(C(C(O2)CO)O)O,60.0,1.0
50,"InChI=1S/C11H23NO2S/c1-15-9-7-5-3-2-4-6-8-10(12)11(13)14/h10H,2-9,12H2,1H3,(H,13,14)",CSCCCCCCCCC(C(=O)O)N,324.0,5.4
54,"InChI=1S/C11H20N2O3/c1-7(2)6-8(12)10(14)13-5-3-4-9(13)11(15)16/h7-9H,3-6,12H2,1-2H3,(H,15,16)",CC(C)CC(C(=O)N1CCCC1C(=O)O)N,156.0,2.6
56,"InChI=1S/C15H22N2O4/c1-3-9(2)13(15(20)21)17-14(19)12(16)8-10-4-6-11(18)7-5-10/h4-7,9,12-13,18H,3,8,16H2,1-2H3,(H,17,19)(H,20,21)",CCC(C)C(C(=O)O)NC(=O)C(CC1=CC=C(C=C1)O)N,174.0,2.9
