,InChI,smiles,rt_seconds,rt_minutes
3,"InChI=1S/C5H5N5/c6-4-3-5(9-1-7-3)10-2-8-4/h1-2H,(H3,6,7,8,9,10)",C1=NC2=NC=NC(=C2N1)N,31.51600002,0.525266667
8,"InChI=1S/C9H12N2O6/c12-3-4-6(14)7(15)8(17-4)11-2-1-5(13)10-9(11)16/h1-2,4,6-8,12,14-15H,3H2,(H,10,13,16)/t4-,6-,7-,8-/m1/s1",C1=CN(C(=O)NC1=O)[C@H]2[C@@H]([C@@H]([C@H](O2)CO)O)O,42.25900001999999,0.7043166669999998
17,"InChI=1S/C6H10O4/c7-5(8)3-1-2-4-6(9)10/h1-4H2,(H,7,8)(H,9,10)",C(CCC(=O)O)CC(=O)O,139.62,2.327
29,"InChI=1S/C24H40O4/c1-14(4-7-21(27)28)17-5-6-18-22-19(9-11-24(17,18)3)23(2)10-8-16(25)12-15(23)13-20(22)26/h14-20,22,25-26H,4-13H2,1-3H3,(H,27,28)/t14-,15+,16-,17-,18+,19+,20-,22+,23+,24-/m1/s1",C[C@H](CCC(=O)O)[C@H]1CC[C@@H]2[C@@]1(CC[C@H]3[C@H]2[C@@H](C[C@H]4[C@@]3(CC[C@H](C4)O)C)O)C,629.454,10.4909
39,"InChI=1S/C10H13N5O4/c11-8-5-9(13-2-12-8)15(3-14-5)10-7(18)6(17)4(1-16)19-10/h2-4,6-7,10,16-18H,1H2,(H2,11,12,13)",C1=NC(=C2C(=N1)N(C=N2)C3C(C(C(O3)CO)O)O)N,42.0,0.7
45,"InChI=1S/C9H11NO2/c10-8(9(11)12)6-7-4-2-1-3-5-7/h1-5,8H,6,10H2,(H,11,12)",C1=CC=C(C=C1)CC(C(=O)O)N,78.0,1.3
46,"InChI=1S/C9H11NO3/c10-8(9(12)13)5-6-1-3-7(11)4-2-6/h1-4,8,11H,5,10H2,(H,12,13)",C1=CC(=CC=C1CC(C(=O)O)N)O,42.0,0.7
65,"InChI=1S/C15H22N2O3/c1-3-10(2)13(16)14(18)17-12(15(19)20)9-11-7-5-4-6-8-11/h4-8,10,12-13H,3,9,16H2,1-2H3,(H,17,18)(H,19,20)",CCC(C)C(C(=O)NC(CC1=CC=CC=C1)C(=O)O)N,234.0,3.9
