,InChI,smiles,rt_seconds,rt_minutes
1,"InChI=1S/C2H7NO3S/c3-1-2-7(4,5)6/h1-3H2,(H,4,5,6)",C(CS(=O)(=O)O)N,26.76100002,0.44601666700000003
14,"InChI=1S/C4H6O4/c1-2(3(5)6)4(7)8/h2H,1H3,(H,5,6)(H,7,8)",CC(C(=O)O)C(=O)O,43.98400002,0.733066667
18,"InChI=1S/C11H12N2O2/c12-9(11(14)15)5-7-6-13-10-4-2-1-3-8(7)10/h1-4,6,9,13H,5,12H2,(H,14,15)/t9-/m0/s1",C1=CC=C2C(=C1)C(=CN2)C[C@@H](C(=O)O)N,151.78900002,2.529816667
38,"InChI=1S/C8H10N4O2/c1-10-4-9-6-5(10)7(13)12(3)8(14)11(6)2/h4H,1-3H3",CN1C=NC2=C1C(=O)N(C(=O)N2C)C,207.378,3.4562999999999997
49,"InChI=1S/C10H21NO2S/c1-14-8-6-4-2-3-5-7-9(11)10(12)13/h9H,2-8,11H2,1H3,(H,12,13)",CSCCCCCCCC(C(=O)O)N,276.0,4.6
53,"InChI=1S/C11H22N2O3/c1-6(2)5-8(11(15)16)13-10(14)9(12)7(3)4/h6-9H,5,12H2,1-4H3,(H,13,14)(H,15,16)",CC(C)CC(C(=O)O)NC(=O)C(C(C)C)N,162.0,2.7
61,"InChI=1S/C12H24N2O3/c1-5-8(4)10(12(16)17)14-11(15)9(13)6-7(2)3/h7-10H,5-6,13H2,1-4H3,(H,14,15)(H,16,17)",CCC(C)C(C(=O)O)NC(=O)C(CC(C)C)N,198.0,3.3
63,"InChI=1S/C12H24N2O3/c1-7(2)5-9(13)11(15)14-10(12(16)17)6-8(3)4/h7-10H,5-6,13H2,1-4H3,(H,14,15)(H,16,17)",CC(C)CC(C(=O)NC(CC(C)C)C(=O)O)N,216.0,3.6
