,InChI,smiles,rt_seconds,rt_minutes
26,"InChI=1S/C19H18O11/c20-4-11-15(25)17(27)18(28)19(30-11)12-8(23)3-10-13(16(12)26)14(24)5-1-6(21)7(22)2-9(5)29-10/h1-3,11,15,17-23,25-28H,4H2/t11-,15-,17+,18-,19+/m1/s1",C1=C2C(=CC(=C1O)O)OC3=C(C2=O)C(=C(C(=C3)O)[C@H]4[C@@H]([C@H]([C@@H]([C@H](O4)CO)O)O)O)O,423.34698,7.055783
53,"InChI=1S/C20H24O9/c1-20(2,29-19-18(25)17(24)16(23)13(8-21)28-19)14-6-10-5-9-3-4-15(22)27-11(9)7-12(10)26-14/h3-5,7,13-14,16-19,21,23-25H,6,8H2,1-2H3/t13-,14-,16-,17+,18-,19+/m1/s1",CC(C)([C@H]1CC2=C(O1)C=C3C(=C2)C=CC(=O)O3)O[C@H]4[C@@H]([C@H]([C@@H]([C@H](O4)CO)O)O)O,715.84698,11.930783
