,InChI,smiles,rt_seconds,rt_minutes
40,"InChI=1S/C33H40O19/c1-10-19(36)23(40)26(43)31(47-10)46-9-17-21(38)25(42)28(45)33(51-17)52-30-22(39)18-15(35)7-14(49-32-27(44)24(41)20(37)11(2)48-32)8-16(18)50-29(30)12-3-5-13(34)6-4-12/h3-8,10-11,17,19-21,23-28,31-38,40-45H,9H2,1-2H3",CC1C(C(C(C(O1)OCC2C(C(C(C(O2)OC3=C(OC4=CC(=CC(=C4C3=O)O)OC5C(C(C(C(O5)C)O)O)O)C6=CC=C(C=C6)O)O)O)O)O)O)O,592.09998,9.868333
48,"InChI=1S/C48H76O19/c1-43(2)14-16-48(42(61)67-40-35(58)31(54)29(52)24(20-50)63-40)17-15-46(6)21(22(48)18-43)8-9-26-45(5)12-11-27(44(3,4)25(45)10-13-47(26,46)7)64-41-37(33(56)32(55)36(65-41)38(59)60)66-39-34(57)30(53)28(51)23(19-49)62-39/h8,22-37,39-41,49-58H,9-20H2,1-7H3,(H,59,60)/t22-,23+,24+,25-,26+,27-,28+,29+,30-,31-,32-,33-,34+,35+,36-,37+,39-,40-,41+,45-,46+,47+,48-/m0/s1",C[C@]12CC[C@@H](C([C@@H]1CC[C@@]3([C@@H]2CC=C4[C@]3(CC[C@@]5([C@H]4CC(CC5)(C)C)C(=O)O[C@H]6[C@@H]([C@H]([C@@H]([C@H](O6)CO)O)O)O)C)C)(C)C)O[C@H]7[C@@H]([C@H]([C@@H]([C@H](O7)C(=O)O)O)O)O[C@H]8[C@@H]([C@H]([C@@H]([C@H](O8)CO)O)O)O,868.84698,14.480783
51,"InChI=1S/C47H74O18/c1-42(2)14-16-47(41(59)65-39-33(55)30(52)28(50)23(19-48)61-39)17-15-45(6)21(22(47)18-42)8-9-26-44(5)12-11-27(43(3,4)25(44)10-13-46(26,45)7)62-40-34(56)31(53)35(36(64-40)37(57)58)63-38-32(54)29(51)24(20-49)60-38/h8,22-36,38-40,48-56H,9-20H2,1-7H3,(H,57,58)/t22-,23+,24-,25-,26+,27-,28+,29-,30-,31+,32+,33+,34+,35-,36-,38-,39-,40+,44-,45+,46+,47-/m0/s1",C[C@]12CC[C@@H](C([C@@H]1CC[C@@]3([C@@H]2CC=C4[C@]3(CC[C@@]5([C@H]4CC(CC5)(C)C)C(=O)O[C@H]6[C@@H]([C@H]([C@@H]([C@H](O6)CO)O)O)O)C)C)(C)C)O[C@H]7[C@@H]([C@H]([C@@H]([C@H](O7)C(=O)O)O[C@H]8[C@@H]([C@H]([C@@H](O8)CO)O)O)O)O,912.34698,15.205783
68,"InChI=1S/C11H10O5/c1-14-7-5-6-3-4-8(12)16-10(6)11(15-2)9(7)13/h3-5,13H,1-2H3",COC1=C(C(=C2C(=C1)C=CC(=O)O2)OC)O,710.1,11.835
