,InChI,smiles,rt_seconds,rt_minutes
21,"InChI=1S/C30H48O4/c1-25(2)13-15-30(24(33)34)16-14-28(5)19(20(30)17-25)7-8-22-26(3)11-10-23(32)27(4,18-31)21(26)9-12-29(22,28)6/h7,20-23,31-32H,8-18H2,1-6H3,(H,33,34)/t20-,21+,22+,23-,26-,27-,28+,29+,30-/m0/s1",C[C@]12CC[C@@H]([C@@]([C@@H]1CC[C@@]3([C@@H]2CC=C4[C@]3(CC[C@@]5([C@H]4CC(CC5)(C)C)C(=O)O)C)C)(C)CO)O,1498.347,24.97245
31,"InChI=1S/C30H48O3/c1-25(2)14-16-30(24(32)33)17-15-28(6)19(20(30)18-25)8-9-22-27(5)12-11-23(31)26(3,4)21(27)10-13-29(22,28)7/h8,20-23,31H,9-18H2,1-7H3,(H,32,33)/t20-,21-,22+,23-,27-,28+,29+,30-/m0/s1",C[C@]12CC[C@@H](C([C@@H]1CC[C@@]3([C@@H]2CC=C4[C@]3(CC[C@@]5([C@H]4CC(CC5)(C)C)C(=O)O)C)C)(C)C)O,1897.347,31.62245
49,"InChI=1S/C42H68O13/c1-21-29(47)34(55-35-32(50)31(49)30(48)24(18-43)53-35)33(51)36(52-21)54-28-11-12-38(4)25(39(28,5)19-44)10-13-40(6)26(38)9-8-22-23-16-37(2,3)14-15-42(23,20-45)27(46)17-41(22,40)7/h8-9,21,24-36,43-51H,10-20H2,1-7H3/t21-,24-,25-,26-,27-,28+,29+,30-,31+,32-,33-,34+,35+,36+,38+,39+,40-,41-,42-/m1/s1",C[C@@H]1[C@@H]([C@@H]([C@H]([C@@H](O1)O[C@H]2CC[C@]3([C@H]([C@]2(C)CO)CC[C@@]4([C@@H]3C=CC5=C6CC(CC[C@@]6([C@@H](C[C@]54C)O)CO)(C)C)C)C)O)O[C@H]7[C@@H]([C@H]([C@@H]([C@H](O7)CO)O)O)O)O,1164.32298,19.405382999999997
55,"InChI=1S/C17H23NO3/c1-18-13-7-8-14(18)10-15(9-13)21-17(20)16(11-19)12-5-3-2-4-6-12/h2-6,13-16,19H,7-11H2,1H3/t13-,14+,15?,16?",CN1[C@@H]2CC[C@H]1CC(C2)OC(=O)C(CO)C3=CC=CC=C3,847.6150200000001,14.126917
