,InChI,smiles,rt_seconds,rt_minutes
0,"InChI=1S/C30H50O5/c1-17(15-21(32)25(34)27(4,5)35)18-9-13-29(7)19(18)16-20(31)24-28(6)12-11-23(33)26(2,3)22(28)10-14-30(24,29)8/h17,20-22,24-25,31-32,34-35H,9-16H2,1-8H3/t17?,20?,21-,22-,24-,25?,28-,29-,30-/m0/s1",CC(C[C@@H](C(C(C)(C)O)O)O)C1=C2CC([C@H]3[C@]4(CCC(=O)C([C@@H]4CC[C@@]3([C@]2(CC1)C)C)(C)C)C)O,1551.5989998,25.85998333
1,"InChI=1S/C30H48O4/c1-17(15-21(32)25-27(4,5)34-25)18-9-13-29(7)19(18)16-20(31)24-28(6)12-11-23(33)26(2,3)22(28)10-14-30(24,29)8/h17,20-22,24-25,31-32H,9-16H2,1-8H3/t17-,20+,21?,22?,24+,25?,28+,29+,30+/m1/s1",C[C@H](CC(C1C(O1)(C)C)O)C2=C3C[C@@H]([C@H]4[C@]5(CCC(=O)C(C5CC[C@@]4([C@]3(CC2)C)C)(C)C)C)O,1797.999,29.96665
2,"InChI=1S/C32H50O5/c1-18(16-23(36-19(2)33)27-29(5,6)37-27)20-10-14-31(8)21(20)17-22(34)26-30(7)13-12-25(35)28(3,4)24(30)11-15-32(26,31)9/h18,22-24,26-27,34H,10-17H2,1-9H3/t18?,22-,23?,24?,26?,27?,30-,31-,32-/m0/s1",CC(CC(C1C(O1)(C)C)OC(=O)C)C2=C3C[C@@H](C4[C@]5(CCC(=O)C(C5CC[C@@]4([C@]3(CC2)C)C)(C)C)C)O,1920.7990002,32.01331667
3,"InChI=1S/C42H62O16/c1-37(2)21-8-11-42(7)31(20(43)16-18-19-17-39(4,36(53)54)13-12-38(19,3)14-15-41(18,42)6)40(21,5)10-9-22(37)55-35-30(26(47)25(46)29(57-35)33(51)52)58-34-27(48)23(44)24(45)28(56-34)32(49)50/h16,19,21-31,34-35,44-48H,8-15,17H2,1-7H3,(H,49,50)(H,51,52)(H,53,54)/t19-,21-,22-,23-,24-,25-,26-,27+,28-,29-,30+,31+,34-,35-,38+,39-,40-,41+,42+/m0/s1",C[C@]12CC[C@](C[C@H]1C3=CC(=O)[C@@H]4[C@]5(CC[C@@H](C([C@@H]5CC[C@]4([C@@]3(CC2)C)C)(C)C)O[C@@H]6[C@@H]([C@H]([C@@H]([C@H](O6)C(=O)O)O)O)O[C@H]7[C@@H]([C@H]([C@@H]([C@H](O7)C(=O)O)O)O)O)C)(C)C(=O)O,737.0989998,12.28498333
