,InChI,smiles,rt_seconds,rt_minutes
19,"InChI=1S/C20H28O3/c1-18-7-5-16-14(6-9-23-16)15(18)4-8-19-10-13(2-3-17(18)19)20(22,11-19)12-21/h6,9,13,15,17,21-22H,2-5,7-8,10-12H2,1H3",CC12CCC3=C(C1CCC45C2CCC(C4)C(C5)(CO)O)C=CO3,191.30500002,3.188416667
76,"InChI=1S/C9H13N3O4S/c10-5-1-2-12(9(17)11-5)8-7(15)6(14)4(3-13)16-8/h1-2,4,6-8,13-15H,3H2,(H2,10,11,17)/t4-,6-,7-,8-/m1/s1",C1=CN(C(=S)N=C1N)[C@H]2[C@@H]([C@@H]([C@H](O2)CO)O)O,59.14600002,0.985766667
79,"InChI=1S/C10H15N3O5/c1-12-6(11)2-3-13(10(12)17)9-8(16)7(15)5(4-14)18-9/h2-3,5,7-9,11,14-16H,4H2,1H3/t5-,7-,8-,9-/m1/s1",CN1C(=N)C=CN(C1=O)[C@H]2[C@@H]([C@@H]([C@H](O2)CO)O)O,59.14600002,0.985766667
85,"InChI=1S/C10H15N3O5/c1-4-2-13(10(17)12-8(4)11)9-7(16)6(15)5(3-14)18-9/h2,5-7,9,14-16H,3H2,1H3,(H2,11,12,17)/t5-,6-,7-,9-/m1/s1",CC1=CN(C(=O)N=C1N)[C@H]2[C@@H]([C@@H]([C@H](O2)CO)O)O,76.70700000000001,1.27845
94,"InChI=1S/C9H13N3O5/c10-5-1-2-12(9(16)11-5)8-7(15)6(14)4(3-13)17-8/h1-2,4,6-8,13-15H,3H2,(H2,10,11,16)/t4-,6-,7-,8-/m1/s1",C1=CN(C(=O)N=C1N)[C@H]2[C@@H]([C@@H]([C@H](O2)CO)O)O,44.92399998,0.748733333
139,"InChI=1S/C9H12N2O6/c12-2-4-5(13)6(14)7(17-4)3-1-10-9(16)11-8(3)15/h1,4-7,12-14H,2H2,(H2,10,11,15,16)/t4-,5-,6-,7+/m1/s1",C1=C(C(=O)NC(=O)N1)[C@H]2[C@@H]([C@@H]([C@H](O2)CO)O)O,69.53099999999999,1.15885
