,InChI,smiles,rt_seconds,rt_minutes
8,"InChI=1S/C31H43NO10/c1-32-13-28(14-38-2)17(33)11-18(39-3)30-16-12-29(36)25(42-27(35)15-9-7-6-8-10-15)19(16)31(37,24(34)26(29)41-5)20(23(30)32)21(40-4)22(28)30/h6-10,16-26,33-34,36-37H,11-14H2,1-5H3/t16-,17-,18+,19-,20+,21+,22-,23?,24+,25-,26+,28+,29-,30+,31-/m1/s1",CN1C[C@@]2([C@@H](C[C@@H]([C@@]34[C@@H]2[C@H]([C@@H](C31)[C@@]5([C@@H]6[C@H]4C[C@@]([C@@H]6OC(=O)C7=CC=CC=C7)([C@H]([C@@H]5O)OC)O)O)OC)OC)O)COC,867.1000200000001,14.451667000000002
19,"InChI=1S/C28H32O15/c1-39-14-7-15-18(22(34)19(14)27-25(37)23(35)20(32)16(8-29)42-27)12(31)6-13(41-15)10-2-4-11(5-3-10)40-28-26(38)24(36)21(33)17(9-30)43-28/h2-7,16-17,20-21,23-30,32-38H,8-9H2,1H3/t16-,17-,20-,21-,23+,24+,25-,26-,27+,28-/m1/s1",COC1=C(C(=C2C(=C1)OC(=CC2=O)C3=CC=C(C=C3)O[C@H]4[C@@H]([C@H]([C@@H]([C@H](O4)CO)O)O)O)O)[C@H]5[C@@H]([C@H]([C@@H]([C@H](O5)CO)O)O)O,291.6,4.86
23,"InChI=1S/C16H14O5/c1-20-11-6-12(18)16-13(19)8-14(21-15(16)7-11)9-2-4-10(17)5-3-9/h2-7,14,17-18H,8H2,1H3",COC1=CC(=C2C(=O)CC(OC2=C1)C3=CC=C(C=C3)O)O,1231.60002,20.526667
44,"InChI=1S/C24H40O5/c1-13(4-7-21(28)29)16-5-6-17-22-18(12-20(27)24(16,17)3)23(2)9-8-15(25)10-14(23)11-19(22)26/h13-20,22,25-27H,4-12H2,1-3H3,(H,28,29)/t13-,14+,15-,16-,17+,18+,19-,20+,22+,23+,24-/m1/s1",C[C@H](CCC(=O)O)[C@H]1CC[C@@H]2[C@@]1([C@H](C[C@H]3[C@H]2[C@@H](C[C@H]4[C@@]3(CC[C@H](C4)O)C)O)O)C,961.2,16.02
54,"InChI=1S/C26H30O8/c1-22(2)15-9-16(27)24(4)14(25(15)12-31-18(28)10-17(25)33-22)5-7-23(3)19(13-6-8-30-11-13)32-21(29)20-26(23,24)34-20/h6,8,11,14-15,17,19-20H,5,7,9-10,12H2,1-4H3/t14-,15-,17-,19-,20+,23-,24-,25+,26+/m0/s1",C[C@@]12CC[C@H]3[C@]([C@@]14[C@H](O4)C(=O)O[C@H]2C5=COC=C5)(C(=O)C[C@@H]6[C@@]37COC(=O)C[C@@H]7OC6(C)C)C,1185.84702,19.764117
56,"InChI=1S/C15H12O4/c16-11-6-4-9(5-7-11)13-8-10-2-1-3-12(17)14(10)15(18)19-13/h1-7,13,16-17H,8H2",C1C(OC(=O)C2=C1C=CC=C2O)C3=CC=C(C=C3)O,1159.347,19.32245
60,"InChI=1S/C16H12O7/c1-22-11-4-7(2-3-9(11)18)16-15(21)14(20)13-10(19)5-8(17)6-12(13)23-16/h2-6,17-19,21H,1H3",COC1=C(C=CC(=C1)C2=C(C(=O)C3=C(C=C(C=C3O2)O)O)O)O,1022.1,17.035
69,"InChI=1S/C17H26O4/c1-3-4-5-6-14(18)12-15(19)9-7-13-8-10-16(20)17(11-13)21-2/h8,10-11,14,18,20H,3-7,9,12H2,1-2H3/t14-/m0/s1",CCCCC[C@@H](CC(=O)CCC1=CC(=C(C=C1)O)OC)O,1244.32302,20.738717
