,InChI,smiles,rt_seconds,rt_minutes
22,"InChI=1S/C21H22O9/c22-9-17-18(25)19(26)20(27)21(30-17)28-12-4-1-10(2-5-12)15-8-14(24)13-6-3-11(23)7-16(13)29-15/h1-7,15,17-23,25-27H,8-9H2/t15-,17+,18+,19-,20+,21+/m0/s1",C1[C@H](OC2=C(C1=O)C=CC(=C2)O)C3=CC=C(C=C3)O[C@H]4[C@@H]([C@H]([C@@H]([C@H](O4)CO)O)O)O,650.847,10.84745
31,"InChI=1S/C30H48O3/c1-25(2)14-16-30(24(32)33)17-15-28(6)19(20(30)18-25)8-9-22-27(5)12-11-23(31)26(3,4)21(27)10-13-29(22,28)7/h8,20-23,31H,9-18H2,1-7H3,(H,32,33)/t20-,21-,22+,23-,27-,28+,29+,30-/m0/s1",C[C@]12CC[C@@H](C([C@@H]1CC[C@@]3([C@@H]2CC=C4[C@]3(CC[C@@]5([C@H]4CC(CC5)(C)C)C(=O)O)C)C)(C)C)O,1897.347,31.62245
39,"InChI=1S/C27H30O14/c1-10-20(32)22(34)24(36)26(37-10)41-25-23(35)21(33)18(9-28)40-27(25)38-13-6-14(30)19-15(31)8-16(39-17(19)7-13)11-2-4-12(29)5-3-11/h2-8,10,18,20-30,32-36H,9H2,1H3/t10-,18+,20-,21+,22+,23-,24+,25+,26-,27+/m0/s1",C[C@H]1[C@@H]([C@H]([C@H]([C@@H](O1)O[C@@H]2[C@H]([C@@H]([C@H](O[C@H]2OC3=CC(=C4C(=C3)OC(=CC4=O)C5=CC=C(C=C5)O)O)CO)O)O)O)O)O,706.60002,11.776667
42,"InChI=1S/C22H22O7/c1-24-17-6-12(7-18(25-2)21(17)26-3)19-14-8-16-15(28-10-29-16)5-11(14)4-13-9-27-22(23)20(13)19/h5-8,13,19-20H,4,9-10H2,1-3H3/t13-,19+,20-/m0/s1",COC1=CC(=CC(=C1OC)OC)[C@H]2[C@@H]3[C@@H](CC4=CC5=C(C=C24)OCO5)COC3=O,1269.6,21.16
46,"InChI=1S/C24H40O4/c1-14(4-9-22(27)28)18-7-8-19-17-6-5-15-12-16(25)10-11-23(15,2)20(17)13-21(26)24(18,19)3/h14-21,25-26H,4-13H2,1-3H3,(H,27,28)/t14-,15-,16-,17+,18-,19+,20+,21+,23+,24-/m1/s1",C[C@H](CCC(=O)O)[C@H]1CC[C@@H]2[C@@]1([C@H](C[C@H]3[C@H]2CC[C@H]4[C@@]3(CC[C@H](C4)O)C)O)C,1035.34698,17.255783
47,"InChI=1S/C27H30O15/c1-37-15-3-2-10(4-12(15)29)16-7-14(31)20-13(30)5-11(6-17(20)40-16)39-27-25(36)23(34)22(33)19(42-27)9-38-26-24(35)21(32)18(8-28)41-26/h2-7,18-19,21-30,32-36H,8-9H2,1H3/t18-,19+,21-,22+,23-,24+,25+,26+,27+/m0/s1",COC1=C(C=C(C=C1)C2=CC(=O)C3=C(C=C(C=C3O2)O[C@H]4[C@@H]([C@H]([C@@H]([C@H](O4)CO[C@H]5[C@@H]([C@H]([C@@H](O5)CO)O)O)O)O)O)O)O,692.5999800000001,11.543333
67,"InChI=1S/C23H28O11/c1-21-8-13(25)12-7-23(21,33-19-17(28)16(27)15(26)14(9-24)32-19)22(12,20(30)34-21)10-31-18(29)11-5-3-2-4-6-11/h2-6,12-17,19,24-28H,7-10H2,1H3/t12?,13-,14-,15-,16+,17-,19+,21?,22?,23+/m1/s1",CC12C[C@H](C3C[C@]1(C3(C(=O)O2)COC(=O)C4=CC=CC=C4)O[C@H]5[C@@H]([C@H]([C@@H]([C@H](O5)CO)O)O)O)O,608.916,10.1486
