,InChI,smiles,rt_seconds,rt_minutes
7,"InChI=1S/C26H34O7/c1-14(27)32-21-20(15-4-5-19(29)31-13-15)24(3)10-7-17-18(26(24)22(21)33-26)8-11-25(30)12-16(28)6-9-23(17,25)2/h4-5,13,16-18,20-22,28,30H,6-12H2,1-3H3/t16-,17-,18+,20-,21+,22+,23+,24+,25-,26+/m0/s1",CC(=O)O[C@@H]1[C@@H]([C@]2(CC[C@H]3[C@H]([C@@]24[C@@H]1O4)CC[C@]5([C@@]3(CC[C@@H](C5)O)C)O)C)C6=COC(=O)C=C6,1120.84698,18.680783
9,"InChI=1S/C20H18NO4/c1-22-17-4-3-12-7-16-14-9-19-18(24-11-25-19)8-13(14)5-6-21(16)10-15(12)20(17)23-2/h3-4,7-10H,5-6,11H2,1-2H3/q+1",COC1=C(C2=C[N+]3=C(C=C2C=C1)C4=CC5=C(C=C4CC3)OCO5)OC,997.60002,16.626667
21,"InChI=1S/C30H48O4/c1-25(2)13-15-30(24(33)34)16-14-28(5)19(20(30)17-25)7-8-22-26(3)11-10-23(32)27(4,18-31)21(26)9-12-29(22,28)6/h7,20-23,31-32H,8-18H2,1-6H3,(H,33,34)/t20-,21+,22+,23-,26-,27-,28+,29+,30-/m0/s1",C[C@]12CC[C@@H]([C@@]([C@@H]1CC[C@@]3([C@@H]2CC=C4[C@]3(CC[C@@]5([C@H]4CC(CC5)(C)C)C(=O)O)C)C)(C)CO)O,1498.347,24.97245
27,"InChI=1S/C15H10O7/c16-6-1-2-8(9(18)3-6)15-14(21)13(20)12-10(19)4-7(17)5-11(12)22-15/h1-5,16-19,21H",C1=CC(=C(C=C1O)O)C2=C(C(=O)C3=C(C=C(C=C3O2)O)O)O,609.34698,10.155783000000001
38,"InChI=1S/C20H18O11/c21-8-4-11(24)14-13(5-8)30-18(7-1-2-9(22)10(23)3-7)19(16(14)27)31-20-17(28)15(26)12(25)6-29-20/h1-5,12,15,17,20-26,28H,6H2/t12-,15+,17-,20?/m1/s1",C1[C@H]([C@@H]([C@H](C(O1)OC2=C(OC3=CC(=CC(=C3C2=O)O)O)C4=CC(=C(C=C4)O)O)O)O)O,686.1,11.435
41,"InChI=1S/C20H16O7/c1-11(21)25-15-8-18(26-12(2)22)20-16(23)10-17(27-19(20)9-15)13-4-6-14(24-3)7-5-13/h4-10H,1-3H3",CC(=O)OC1=CC2=C(C(=C1)OC(=O)C)C(=O)C=C(O2)C3=CC=C(C=C3)OC,1323.6,22.06
58,"InChI=1S/C23H24O12/c1-31-12-4-3-9(5-11(12)25)10-8-33-13-6-14(22(32-2)19(28)16(13)17(10)26)34-23-21(30)20(29)18(27)15(7-24)35-23/h3-6,8,15,18,20-21,23-25,27-30H,7H2,1-2H3/t15-,18-,20+,21-,23-/m1/s1",COC1=C(C=C(C=C1)C2=COC3=CC(=C(C(=C3C2=O)O)OC)O[C@H]4[C@@H]([C@H]([C@@H]([C@H](O4)CO)O)O)O)O,757.60002,12.626667
76,"InChI=1S/C22H22O11/c1-31-14-4-8(2-3-9(14)24)13-6-12(27)16-10(25)5-11(26)17(21(16)32-13)22-20(30)19(29)18(28)15(7-23)33-22/h2-6,15,18-20,22-26,28-30H,7H2,1H3/t15-,18-,19+,20-,22+/m1/s1",COC1=C(C=CC(=C1)C2=CC(=O)C3=C(O2)C(=C(C=C3O)O)[C@H]4[C@@H]([C@H]([C@@H]([C@H](O4)CO)O)O)O)O,652.60002,10.876667
