,InChI,smiles,rt_seconds,rt_minutes
20,"InChI=1S/C15H10O5/c16-9-3-1-8(2-4-9)11-7-20-13-6-10(17)5-12(18)14(13)15(11)19/h1-7,16-18H",C1=CC(=CC=C1C2=COC3=CC(=CC(=C3C2=O)O)O)O,980.59998,16.343332999999998
52,"InChI=1S/C42H38O20/c43-11-23-31(47)35(51)37(53)41(61-23)59-21-5-1-3-15-25(17-7-13(39(55)56)9-19(45)27(17)33(49)29(15)21)26-16-4-2-6-22(60-42-38(54)36(52)32(48)24(12-44)62-42)30(16)34(50)28-18(26)8-14(40(57)58)10-20(28)46/h1-10,23-26,31-32,35-38,41-48,51-54H,11-12H2,(H,55,56)(H,57,58)/t23-,24-,25-,26-,31-,32-,35+,36+,37-,38-,41-,42-/m1/s1",C1=CC2=C(C(=C1)O[C@H]3[C@@H]([C@H]([C@@H]([C@H](O3)CO)O)O)O)C(=O)C4=C([C@@H]2[C@@H]5C6=C(C(=CC=C6)O[C@H]7[C@@H]([C@H]([C@@H]([C@H](O7)CO)O)O)O)C(=O)C8=C5C=C(C=C8O)C(=O)O)C=C(C=C4O)C(=O)O,221.59998,3.693333
63,"InChI=1S/C27H30O15/c1-9-17(32)20(35)22(37)26(38-9)42-25-21(36)18(33)15(8-28)40-27(25)41-24-19(34)16-13(31)6-12(30)7-14(16)39-23(24)10-2-4-11(29)5-3-10/h2-7,9,15,17-18,20-22,25-33,35-37H,8H2,1H3/t9-,15+,17-,18+,20+,21-,22+,25+,26-,27-/m0/s1",C[C@H]1[C@@H]([C@H]([C@H]([C@@H](O1)O[C@@H]2[C@H]([C@@H]([C@H](O[C@H]2OC3=C(OC4=CC(=CC(=C4C3=O)O)O)C5=CC=C(C=C5)O)CO)O)O)O)O)O,640.0999800000001,10.668333
65,"InChI=1S/C22H18O9/c1-11(23)28-15-7-5-14(6-8-15)17-9-16(26)20-18(31-17)10-19(29-12(2)24)21(27-4)22(20)30-13(3)25/h5-10H,1-4H3",CC(=O)OC1=CC=C(C=C1)C2=CC(=O)C3=C(C(=C(C=C3O2)OC(=O)C)OC)OC(=O)C,1307.7,21.795
66,"InChI=1S/C23H28O11/c1-20-9-22(29)13-7-23(20,32-18-16(27)15(26)14(25)12(8-24)31-18)21(13,19(33-20)34-22)10-30-17(28)11-5-3-2-4-6-11/h2-6,12-16,18-19,24-27,29H,7-10H2,1H3/t12-,13-,14-,15+,16-,18+,19-,20+,21+,22-,23+/m1/s1",C[C@]12C[C@@]3([C@@H]4C[C@]1([C@@]4([C@H](O2)O3)COC(=O)C5=CC=CC=C5)O[C@H]6[C@@H]([C@H]([C@@H]([C@H](O6)CO)O)O)O)O,623.41602,10.390267
70,"InChI=1S/C19H16O4/c20-16-7-1-14(2-8-16)5-11-18(22)13-19(23)12-6-15-3-9-17(21)10-4-15/h1-12,20-21H,13H2/b11-5+,12-6+",C1=CC(=CC=C1/C=C/C(=O)CC(=O)/C=C/C2=CC=C(C=C2)O)O,1259.322,20.988699999999998
71,"InChI=1S/C21H20O6/c1-26-20-11-14(5-9-18(20)24)3-7-16(22)13-17(23)8-4-15-6-10-19(25)21(12-15)27-2/h3-12,24-25H,13H2,1-2H3/b7-3+,8-4+",COC1=C(C=CC(=C1)/C=C/C(=O)CC(=O)/C=C/C2=CC(=C(C=C2)O)OC)O,1324.62198,22.077032999999997
