,InChI,smiles,rt_seconds,rt_minutes
11,"InChI=1S/C22H24NO4/c1-13-15-6-7-18(24-2)22(27-5)17(15)12-23-9-8-14-10-19(25-3)20(26-4)11-16(14)21(13)23/h6-7,10-12H,8-9H2,1-5H3/q+1",CC1=C2C=CC(=C(C2=C[N+]3=C1C4=CC(=C(C=C4CC3)OC)OC)OC)OC,1066.60002,17.776667
13,"InChI=1S/C14H16O9/c1-21-11-5(16)2-4-7(9(11)18)12-13(23-14(4)20)10(19)8(17)6(3-15)22-12/h2,6,8,10,12-13,15-19H,3H2,1H3/t6-,8-,10+,12+,13-/m1/s1",COC1=C(C=C2C(=C1O)[C@H]3[C@@H]([C@H]([C@@H]([C@H](O3)CO)O)O)OC2=O)O,415.84698,6.930783
26,"InChI=1S/C19H18O11/c20-4-11-15(25)17(27)18(28)19(30-11)12-8(23)3-10-13(16(12)26)14(24)5-1-6(21)7(22)2-9(5)29-10/h1-3,11,15,17-23,25-28H,4H2/t11-,15-,17+,18-,19+/m1/s1",C1=C2C(=CC(=C1O)O)OC3=C(C2=O)C(=C(C(=C3)O)[C@H]4[C@@H]([C@H]([C@@H]([C@H](O4)CO)O)O)O)O,423.34698,7.055783
29,"InChI=1S/C21H20O12/c1-6-14(26)17(29)18(30)21(31-6)33-20-16(28)13-9(23)4-8(22)5-12(13)32-19(20)7-2-10(24)15(27)11(25)3-7/h2-6,14,17-18,21-27,29-30H,1H3",CC1C(C(C(C(O1)OC2=C(OC3=CC(=CC(=C3C2=O)O)O)C4=CC(=C(C(=C4)O)O)O)O)O)O,634.347,10.57245
30,"InChI=1S/C28H34O14/c1-11-21(31)23(33)25(35)27(39-11)38-10-19-22(32)24(34)26(36)28(42-19)40-14-7-15(29)20-16(30)9-17(41-18(20)8-14)12-3-5-13(37-2)6-4-12/h3-8,11,17,19,21-29,31-36H,9-10H2,1-2H3/t11-,17-,19+,21-,22+,23+,24-,25+,26+,27+,28+/m0/s1",C[C@H]1[C@@H]([C@H]([C@H]([C@@H](O1)OC[C@@H]2[C@H]([C@@H]([C@H]([C@@H](O2)OC3=CC(=C4C(=O)C[C@H](OC4=C3)C5=CC=C(C=C5)OC)O)O)O)O)O)O)O,891.34698,14.855783
37,"InChI=1S/C25H20O12/c1-11(26)32-17-9-20(35-14(4)29)22-21(10-17)37-24(25(23(22)31)36-15(5)30)16-6-7-18(33-12(2)27)19(8-16)34-13(3)28/h6-10H,1-5H3",CC(=O)OC1=C(C=C(C=C1)C2=C(C(=O)C3=C(O2)C=C(C=C3OC(=O)C)OC(=O)C)OC(=O)C)OC(=O)C,1313.59998,21.893333
43,"InChI=1S/C17H14O5/c1-20-16-12(19)9-14-15(17(16)21-2)11(18)8-13(22-14)10-6-4-3-5-7-10/h3-9,19H,1-2H3",COC1=C(C2=C(C=C1O)OC(=CC2=O)C3=CC=CC=C3)OC,1430.59998,23.843332999999998
61,"InChI=1S/C20H18O10/c21-7-13-15(25)17(27)20(29-13)30-19-16(26)14-11(24)5-10(23)6-12(14)28-18(19)8-1-3-9(22)4-2-8/h1-6,13,15,17,20-25,27H,7H2/t13-,15-,17+,20-/m0/s1",C1=CC(=CC=C1C2=C(C(=O)C3=C(C=C(C=C3O2)O)O)O[C@H]4[C@@H]([C@H]([C@@H](O4)CO)O)O)O,767.5999800000001,12.793333
