,InChI,smiles,rt_seconds,rt_minutes
73,"InChI=1S/C11H15N5O4/c1-15-3-14-10-6(9(15)12)13-4-16(10)11-8(19)7(18)5(2-17)20-11/h3-5,7-8,11-12,17-19H,2H2,1H3/t5-,7-,8-,11-/m1/s1",CN1C=NC2=C(C1=N)N=CN2[C@H]3[C@@H]([C@@H]([C@H](O3)CO)O)O,78.22399998,1.303733333
76,"InChI=1S/C9H13N3O4S/c10-5-1-2-12(9(17)11-5)8-7(15)6(14)4(3-13)16-8/h1-2,4,6-8,13-15H,3H2,(H2,10,11,17)/t4-,6-,7-,8-/m1/s1",C1=CN(C(=S)N=C1N)[C@H]2[C@@H]([C@@H]([C@H](O2)CO)O)O,59.14600002,0.985766667
79,"InChI=1S/C10H15N3O5/c1-12-6(11)2-3-13(10(12)17)9-8(16)7(15)5(4-14)18-9/h2-3,5,7-9,11,14-16H,4H2,1H3/t5-,7-,8-,9-/m1/s1",CN1C(=N)C=CN(C1=O)[C@H]2[C@@H]([C@@H]([C@H](O2)CO)O)O,59.14600002,0.985766667
85,"InChI=1S/C10H15N3O5/c1-4-2-13(10(17)12-8(4)11)9-7(16)6(15)5(3-14)18-9/h2,5-7,9,14-16H,3H2,1H3,(H2,11,12,17)/t5-,6-,7-,9-/m1/s1",CC1=CN(C(=O)N=C1N)[C@H]2[C@@H]([C@@H]([C@H](O2)CO)O)O,76.70700000000001,1.27845
87,"InChI=1S/C11H15N5O5/c1-15-3-16(8-5(15)9(20)14-11(12)13-8)10-7(19)6(18)4(2-17)21-10/h3-4,6-7,10,17-19H,2H2,1H3,(H2-,12,13,14,20)/p+1/t4-,6-,7-,10-/m1/s1",CN1C=[N+](C2=C1C(=O)NC(=N2)N)[C@H]3[C@@H]([C@@H]([C@H](O3)CO)O)O,70.398,1.1733
94,"InChI=1S/C9H13N3O5/c10-5-1-2-12(9(16)11-5)8-7(15)6(14)4(3-13)17-8/h1-2,4,6-8,13-15H,3H2,(H2,10,11,16)/t4-,6-,7-,8-/m1/s1",C1=CN(C(=O)N=C1N)[C@H]2[C@@H]([C@@H]([C@H](O2)CO)O)O,44.92399998,0.748733333
105,"InChI=1S/C10H13N5O5/c11-10-13-7-4(8(19)14-10)12-2-15(7)9-6(18)5(17)3(1-16)20-9/h2-3,5-6,9,16-18H,1H2,(H3,11,13,14,19)",C1=NC2=C(N1C3C(C(C(O3)CO)O)O)N=C(NC2=O)N,75.83500002,1.263916667
139,"InChI=1S/C9H12N2O6/c12-2-4-5(13)6(14)7(17-4)3-1-10-9(16)11-8(3)15/h1,4-7,12-14H,2H2,(H2,10,11,15,16)/t4-,5-,6-,7+/m1/s1",C1=C(C(=O)NC(=O)N1)[C@H]2[C@@H]([C@@H]([C@H](O2)CO)O)O,69.53099999999999,1.15885
147,"InChI=1S/C10H13N5O4/c11-8-5-9(13-2-12-8)15(3-14-5)10-7(18)6(17)4(1-16)19-10/h2-4,6-7,10,16-18H,1H2,(H2,11,12,13)/t4-,6-,7-,10-/m1/s1",C1=NC(=C2C(=N1)N(C=N2)[C@H]3[C@@H]([C@@H]([C@H](O3)CO)O)O)N,80.49700002,1.341616667
