,InChI,smiles,rt_seconds,rt_minutes
19,"InChI=1S/C20H28O3/c1-18-7-5-16-14(6-9-23-16)15(18)4-8-19-10-13(2-3-17(18)19)20(22,11-19)12-21/h6,9,13,15,17,21-22H,2-5,7-8,10-12H2,1H3",CC12CCC3=C(C1CCC45C2CCC(C4)C(C5)(CO)O)C=CO3,191.30500002,3.188416667
27,"InChI=1S/C48H76NO8P/c1-6-8-10-12-14-16-18-20-22-24-26-28-30-32-34-36-38-40-47(50)54-44-46(45-56-58(52,53)55-43-42-49(3,4)5)57-48(51)41-39-37-35-33-31-29-27-25-23-21-19-17-15-13-11-9-7-2/h8-11,14-17,20-23,26-29,32-35,46H,6-7,12-13,18-19,24-25,30-31,36-45H2,1-5H3/b10-8-,11-9-,16-14-,17-15-,22-20-,23-21-,28-26-,29-27-,34-32-,35-33-/t46-/m1/s1",CC/C=C\C/C=C\C/C=C\C/C=C\C/C=C\CCCC(=O)OC[C@H](COP(=O)([O-])OCC[N+](C)(C)C)OC(=O)CCC/C=C\C/C=C\C/C=C\C/C=C\C/C=C\CC,336.9855,5.6164250000000004
93,"InChI=1S/C14H18O4/c1-8(2)6-7-10-9(3)11(15)13(17-4)14(18-5)12(10)16/h6H,7H2,1-5H3",CC1=C(C(=O)C(=C(C1=O)OC)OC)CC=C(C)C,235.452,3.9242
95,"InChI=1S/C22H42N4O8S2/c1-21(2,13-27)17(31)19(33)25-7-5-15(29)23-9-11-35-36-12-10-24-16(30)6-8-26-20(34)18(32)22(3,4)14-28/h17-18,27-28,31-32H,5-14H2,1-4H3,(H,23,29)(H,24,30)(H,25,33)(H,26,34)/t17-,18-/m0/s1",CC(C)(CO)[C@H](C(=O)NCCC(=O)NCCSSCCNC(=O)CCNC(=O)[C@@H](C(C)(C)CO)O)O,112.23,1.8705
163,"InChI=1S/C17H20N4O6/c1-7-3-9-10(4-8(7)2)21(5-11(23)14(25)12(24)6-22)15-13(18-9)16(26)20-17(27)19-15/h3-4,11-12,14,22-25H,5-6H2,1-2H3,(H,20,26,27)",CC1=CC2=C(C=C1C)N(C3=NC(=O)NC(=O)C3=N2)CC(C(C(CO)O)O)O,100.806,1.6801
